file,line,type,commit,author,date,time,timezone,datetime,depth,length
style.css,1,css,994cd411,Roham Mehrabi,2025-01-10,21:58:29,-08:00,2025-01-10T21:58:29-08:00,0,5
style.css,2,css,40f6d955,Roham Mehrabi,2025-01-18,20:42:19,-08:00,2025-01-18T20:42:19-08:00,0,24
style.css,3,css,40f6d955,Roham Mehrabi,2025-01-18,20:42:19,-08:00,2025-01-18T20:42:19-08:00,0,0
style.css,4,css,40f6d955,Roham Mehrabi,2025-01-18,20:42:19,-08:00,2025-01-18T20:42:19-08:00,0,0
style.css,5,css,40f6d955,Roham Mehrabi,2025-01-18,20:42:19,-08:00,2025-01-18T20:42:19-08:00,0,0
style.css,6,css,40f6d955,Roham Mehrabi,2025-01-18,20:42:19,-08:00,2025-01-18T20:42:19-08:00,0,43
style.css,7,css,40f6d955,Roham Mehrabi,2025-01-18,20:42:19,-08:00,2025-01-18T20:42:19-08:00,0,16
style.css,8,css,40f6d955,Roham Mehrabi,2025-01-18,20:42:19,-08:00,2025-01-18T20:42:19-08:00,0,0
style.css,9,css,40f6d955,Roham Mehrabi,2025-01-18,20:42:19,-08:00,2025-01-18T20:42:19-08:00,0,32
style.css,10,css,40f6d955,Roham Mehrabi,2025-01-18,20:42:19,-08:00,2025-01-18T20:42:19-08:00,0,19
style.css,11,css,40f6d955,Roham Mehrabi,2025-01-18,20:42:19,-08:00,2025-01-18T20:42:19-08:00,0,0
style.css,12,css,40f6d955,Roham Mehrabi,2025-01-18,20:42:19,-08:00,2025-01-18T20:42:19-08:00,0,57
style.css,13,css,40f6d955,Roham Mehrabi,2025-01-18,20:42:19,-08:00,2025-01-18T20:42:19-08:00,0,15
style.css,14,css,40f6d955,Roham Mehrabi,2025-01-18,20:42:19,-08:00,2025-01-18T20:42:19-08:00,0,0
style.css,15,css,40f6d955,Roham Mehrabi,2025-01-18,20:42:19,-08:00,2025-01-18T20:42:19-08:00,0,24
style.css,16,css,40f6d955,Roham Mehrabi,2025-01-18,20:42:19,-08:00,2025-01-18T20:42:19-08:00,0,24
style.css,17,css,40f6d955,Roham Mehrabi,2025-01-18,20:42:19,-08:00,2025-01-18T20:42:19-08:00,0,0
style.css,18,css,40f6d955,Roham Mehrabi,2025-01-18,20:42:19,-08:00,2025-01-18T20:42:19-08:00,0,0
style.css,19,css,40f6d955,Roham Mehrabi,2025-01-18,20:42:19,-08:00,2025-01-18T20:42:19-08:00,0,0
style.css,20,css,40f6d955,Roham Mehrabi,2025-01-18,20:42:19,-08:00,2025-01-18T20:42:19-08:00,0,15
style.css,21,css,40f6d955,Roham Mehrabi,2025-01-18,20:42:19,-08:00,2025-01-18T20:42:19-08:00,0,17
style.css,22,css,40f6d955,Roham Mehrabi,2025-01-18,20:42:19,-08:00,2025-01-18T20:42:19-08:00,0,0
style.css,23,css,40f6d955,Roham Mehrabi,2025-01-18,20:42:19,-08:00,2025-01-18T20:42:19-08:00,0,0
style.css,24,css,40f6d955,Roham Mehrabi,2025-01-18,20:42:19,-08:00,2025-01-18T20:42:19-08:00,0,4
style.css,25,css,c96e8a0b,Roham Mehrabi,2025-01-24,20:37:10,-08:00,2025-01-24T20:37:10-08:00,0,40
style.css,26,css,40f6d955,Roham Mehrabi,2025-01-18,20:42:19,-08:00,2025-01-18T20:42:19-08:00,0,13
style.css,27,css,40f6d955,Roham Mehrabi,2025-01-18,20:42:19,-08:00,2025-01-18T20:42:19-08:00,0,29
style.css,28,css,40f6d955,Roham Mehrabi,2025-01-18,20:42:19,-08:00,2025-01-18T20:42:19-08:00,0,19
style.css,29,css,40f6d955,Roham Mehrabi,2025-01-18,20:42:19,-08:00,2025-01-18T20:42:19-08:00,0,32
style.css,30,css,40f6d955,Roham Mehrabi,2025-01-18,20:42:19,-08:00,2025-01-18T20:42:19-08:00,0,14
style.css,31,css,40f6d955,Roham Mehrabi,2025-01-18,20:42:19,-08:00,2025-01-18T20:42:19-08:00,0,0
style.css,32,css,40f6d955,Roham Mehrabi,2025-01-18,20:42:19,-08:00,2025-01-18T20:42:19-08:00,0,0
style.css,33,css,40f6d955,Roham Mehrabi,2025-01-18,20:42:19,-08:00,2025-01-18T20:42:19-08:00,0,6
style.css,34,css,40f6d955,Roham Mehrabi,2025-01-18,20:42:19,-08:00,2025-01-18T20:42:19-08:00,0,7
style.css,35,css,40f6d955,Roham Mehrabi,2025-01-18,20:42:19,-08:00,2025-01-18T20:42:19-08:00,0,18
style.css,36,css,40f6d955,Roham Mehrabi,2025-01-18,20:42:19,-08:00,2025-01-18T20:42:19-08:00,0,21
style.css,37,css,40f6d955,Roham Mehrabi,2025-01-18,20:42:19,-08:00,2025-01-18T20:42:19-08:00,0,14
style.css,38,css,40f6d955,Roham Mehrabi,2025-01-18,20:42:19,-08:00,2025-01-18T20:42:19-08:00,0,18
style.css,39,css,40f6d955,Roham Mehrabi,2025-01-18,20:42:19,-08:00,2025-01-18T20:42:19-08:00,0,14
style.css,40,css,40f6d955,Roham Mehrabi,2025-01-18,20:42:19,-08:00,2025-01-18T20:42:19-08:00,0,0
style.css,41,css,40f6d955,Roham Mehrabi,2025-01-18,20:42:19,-08:00,2025-01-18T20:42:19-08:00,0,0
style.css,42,css,40f6d955,Roham Mehrabi,2025-01-18,20:42:19,-08:00,2025-01-18T20:42:19-08:00,0,14
style.css,43,css,c96e8a0b,Roham Mehrabi,2025-01-24,20:37:10,-08:00,2025-01-24T20:37:10-08:00,0,46
style.css,44,css,c96e8a0b,Roham Mehrabi,2025-01-24,20:37:10,-08:00,2025-01-24T20:37:10-08:00,0,21
style.css,45,css,c96e8a0b,Roham Mehrabi,2025-01-24,20:37:10,-08:00,2025-01-24T20:37:10-08:00,0,0
style.css,46,css,c96e8a0b,Roham Mehrabi,2025-01-24,20:37:10,-08:00,2025-01-24T20:37:10-08:00,0,0
style.css,47,css,c96e8a0b,Roham Mehrabi,2025-01-24,20:37:10,-08:00,2025-01-24T20:37:10-08:00,0,14
style.css,48,css,c96e8a0b,Roham Mehrabi,2025-01-24,20:37:10,-08:00,2025-01-24T20:37:10-08:00,0,18
style.css,49,css,c96e8a0b,Roham Mehrabi,2025-01-24,20:37:10,-08:00,2025-01-24T20:37:10-08:00,0,9
style.css,50,css,c96e8a0b,Roham Mehrabi,2025-01-24,20:37:10,-08:00,2025-01-24T20:37:10-08:00,0,11
style.css,51,css,c96e8a0b,Roham Mehrabi,2025-01-24,20:37:10,-08:00,2025-01-24T20:37:10-08:00,0,14
style.css,52,css,c96e8a0b,Roham Mehrabi,2025-01-24,20:37:10,-08:00,2025-01-24T20:37:10-08:00,0,20
style.css,53,css,40f6d955,Roham Mehrabi,2025-01-18,20:42:19,-08:00,2025-01-18T20:42:19-08:00,0,0
style.css,54,css,40f6d955,Roham Mehrabi,2025-01-18,20:42:19,-08:00,2025-01-18T20:42:19-08:00,0,0
style.css,55,css,40f6d955,Roham Mehrabi,2025-01-18,20:42:19,-08:00,2025-01-18T20:42:19-08:00,0,0
style.css,56,css,40f6d955,Roham Mehrabi,2025-01-18,20:42:19,-08:00,2025-01-18T20:42:19-08:00,0,0
style.css,57,css,40f6d955,Roham Mehrabi,2025-01-18,20:42:19,-08:00,2025-01-18T20:42:19-08:00,0,6
style.css,58,css,40f6d955,Roham Mehrabi,2025-01-18,20:42:19,-08:00,2025-01-18T20:42:19-08:00,0,33
style.css,59,css,c96e8a0b,Roham Mehrabi,2025-01-24,20:37:10,-08:00,2025-01-24T20:37:10-08:00,0,77
style.css,60,css,40f6d955,Roham Mehrabi,2025-01-18,20:42:19,-08:00,2025-01-18T20:42:19-08:00,0,0
style.css,61,css,40f6d955,Roham Mehrabi,2025-01-18,20:42:19,-08:00,2025-01-18T20:42:19-08:00,0,0
style.css,62,css,40f6d955,Roham Mehrabi,2025-01-18,20:42:19,-08:00,2025-01-18T20:42:19-08:00,0,5
style.css,63,css,40f6d955,Roham Mehrabi,2025-01-18,20:42:19,-08:00,2025-01-18T20:42:19-08:00,0,33
style.css,64,css,c96e8a0b,Roham Mehrabi,2025-01-24,20:37:10,-08:00,2025-01-24T20:37:10-08:00,0,62
style.css,65,css,c96e8a0b,Roham Mehrabi,2025-01-24,20:37:10,-08:00,2025-01-24T20:37:10-08:00,0,49
style.css,66,css,40f6d955,Roham Mehrabi,2025-01-18,20:42:19,-08:00,2025-01-18T20:42:19-08:00,0,0
style.css,67,css,40f6d955,Roham Mehrabi,2025-01-18,20:42:19,-08:00,2025-01-18T20:42:19-08:00,0,0
style.css,68,css,40f6d955,Roham Mehrabi,2025-01-18,20:42:19,-08:00,2025-01-18T20:42:19-08:00,0,12
style.css,69,css,40f6d955,Roham Mehrabi,2025-01-18,20:42:19,-08:00,2025-01-18T20:42:19-08:00,0,46
style.css,70,css,c96e8a0b,Roham Mehrabi,2025-01-24,20:37:10,-08:00,2025-01-24T20:37:10-08:00,0,70
style.css,71,css,40f6d955,Roham Mehrabi,2025-01-18,20:42:19,-08:00,2025-01-18T20:42:19-08:00,0,0
style.css,72,css,40f6d955,Roham Mehrabi,2025-01-18,20:42:19,-08:00,2025-01-18T20:42:19-08:00,0,0
style.css,73,css,40f6d955,Roham Mehrabi,2025-01-18,20:42:19,-08:00,2025-01-18T20:42:19-08:00,0,0
style.css,74,css,40f6d955,Roham Mehrabi,2025-01-18,20:42:19,-08:00,2025-01-18T20:42:19-08:00,0,0
style.css,75,css,40f6d955,Roham Mehrabi,2025-01-18,20:42:19,-08:00,2025-01-18T20:42:19-08:00,0,0
style.css,76,css,40f6d955,Roham Mehrabi,2025-01-18,20:42:19,-08:00,2025-01-18T20:42:19-08:00,0,0
style.css,77,css,40f6d955,Roham Mehrabi,2025-01-18,20:42:19,-08:00,2025-01-18T20:42:19-08:00,0,5
style.css,78,css,40f6d955,Roham Mehrabi,2025-01-18,20:42:19,-08:00,2025-01-18T20:42:19-08:00,0,13
style.css,79,css,40f6d955,Roham Mehrabi,2025-01-18,20:42:19,-08:00,2025-01-18T20:42:19-08:00,0,31
style.css,80,css,40f6d955,Roham Mehrabi,2025-01-18,20:42:19,-08:00,2025-01-18T20:42:19-08:00,0,8
style.css,81,css,40f6d955,Roham Mehrabi,2025-01-18,20:42:19,-08:00,2025-01-18T20:42:19-08:00,0,0
style.css,82,css,40f6d955,Roham Mehrabi,2025-01-18,20:42:19,-08:00,2025-01-18T20:42:19-08:00,0,0
style.css,83,css,40f6d955,Roham Mehrabi,2025-01-18,20:42:19,-08:00,2025-01-18T20:42:19-08:00,0,11
style.css,84,css,40f6d955,Roham Mehrabi,2025-01-18,20:42:19,-08:00,2025-01-18T20:42:19-08:00,0,80
style.css,85,css,40f6d955,Roham Mehrabi,2025-01-18,20:42:19,-08:00,2025-01-18T20:42:19-08:00,0,0
style.css,86,css,40f6d955,Roham Mehrabi,2025-01-18,20:42:19,-08:00,2025-01-18T20:42:19-08:00,0,0
style.css,87,css,40f6d955,Roham Mehrabi,2025-01-18,20:42:19,-08:00,2025-01-18T20:42:19-08:00,0,10
style.css,88,css,40f6d955,Roham Mehrabi,2025-01-18,20:42:19,-08:00,2025-01-18T20:42:19-08:00,0,14
style.css,89,css,40f6d955,Roham Mehrabi,2025-01-18,20:42:19,-08:00,2025-01-18T20:42:19-08:00,0,66
style.css,90,css,40f6d955,Roham Mehrabi,2025-01-18,20:42:19,-08:00,2025-01-18T20:42:19-08:00,0,0
style.css,91,css,40f6d955,Roham Mehrabi,2025-01-18,20:42:19,-08:00,2025-01-18T20:42:19-08:00,0,0
style.css,92,css,40f6d955,Roham Mehrabi,2025-01-18,20:42:19,-08:00,2025-01-18T20:42:19-08:00,0,12
style.css,93,css,40f6d955,Roham Mehrabi,2025-01-18,20:42:19,-08:00,2025-01-18T20:42:19-08:00,0,45
style.css,94,css,40f6d955,Roham Mehrabi,2025-01-18,20:42:19,-08:00,2025-01-18T20:42:19-08:00,0,45
style.css,95,css,40f6d955,Roham Mehrabi,2025-01-18,20:42:19,-08:00,2025-01-18T20:42:19-08:00,0,58
style.css,96,css,40f6d955,Roham Mehrabi,2025-01-18,20:42:19,-08:00,2025-01-18T20:42:19-08:00,0,0
style.css,97,css,40f6d955,Roham Mehrabi,2025-01-18,20:42:19,-08:00,2025-01-18T20:42:19-08:00,0,0
style.css,98,css,40f6d955,Roham Mehrabi,2025-01-18,20:42:19,-08:00,2025-01-18T20:42:19-08:00,0,0
style.css,99,css,40f6d955,Roham Mehrabi,2025-01-18,20:42:19,-08:00,2025-01-18T20:42:19-08:00,0,0
style.css,100,css,40f6d955,Roham Mehrabi,2025-01-18,20:42:19,-08:00,2025-01-18T20:42:19-08:00,0,0
style.css,101,css,40f6d955,Roham Mehrabi,2025-01-18,20:42:19,-08:00,2025-01-18T20:42:19-08:00,0,0
style.css,102,css,40f6d955,Roham Mehrabi,2025-01-18,20:42:19,-08:00,2025-01-18T20:42:19-08:00,0,0
style.css,103,css,40f6d955,Roham Mehrabi,2025-01-18,20:42:19,-08:00,2025-01-18T20:42:19-08:00,0,0
style.css,104,css,40f6d955,Roham Mehrabi,2025-01-18,20:42:19,-08:00,2025-01-18T20:42:19-08:00,0,0
style.css,105,css,40f6d955,Roham Mehrabi,2025-01-18,20:42:19,-08:00,2025-01-18T20:42:19-08:00,0,0
style.css,106,css,40f6d955,Roham Mehrabi,2025-01-18,20:42:19,-08:00,2025-01-18T20:42:19-08:00,0,10
style.css,107,css,40f6d955,Roham Mehrabi,2025-01-18,20:42:19,-08:00,2025-01-18T20:42:19-08:00,0,17
style.css,108,css,40f6d955,Roham Mehrabi,2025-01-18,20:42:19,-08:00,2025-01-18T20:42:19-08:00,0,14
style.css,109,css,40f6d955,Roham Mehrabi,2025-01-18,20:42:19,-08:00,2025-01-18T20:42:19-08:00,0,12
style.css,110,css,40f6d955,Roham Mehrabi,2025-01-18,20:42:19,-08:00,2025-01-18T20:42:19-08:00,0,38
style.css,111,css,40f6d955,Roham Mehrabi,2025-01-18,20:42:19,-08:00,2025-01-18T20:42:19-08:00,0,81
style.css,112,css,40f6d955,Roham Mehrabi,2025-01-18,20:42:19,-08:00,2025-01-18T20:42:19-08:00,0,36
style.css,113,css,40f6d955,Roham Mehrabi,2025-01-18,20:42:19,-08:00,2025-01-18T20:42:19-08:00,0,0
style.css,114,css,40f6d955,Roham Mehrabi,2025-01-18,20:42:19,-08:00,2025-01-18T20:42:19-08:00,0,0
style.css,115,css,40f6d955,Roham Mehrabi,2025-01-18,20:42:19,-08:00,2025-01-18T20:42:19-08:00,0,18
style.css,116,css,40f6d955,Roham Mehrabi,2025-01-18,20:42:19,-08:00,2025-01-18T20:42:19-08:00,0,49
style.css,117,css,40f6d955,Roham Mehrabi,2025-01-18,20:42:19,-08:00,2025-01-18T20:42:19-08:00,0,63
style.css,118,css,40f6d955,Roham Mehrabi,2025-01-18,20:42:19,-08:00,2025-01-18T20:42:19-08:00,0,54
style.css,119,css,40f6d955,Roham Mehrabi,2025-01-18,20:42:19,-08:00,2025-01-18T20:42:19-08:00,0,33
style.css,120,css,40f6d955,Roham Mehrabi,2025-01-18,20:42:19,-08:00,2025-01-18T20:42:19-08:00,0,0
style.css,121,css,40f6d955,Roham Mehrabi,2025-01-18,20:42:19,-08:00,2025-01-18T20:42:19-08:00,0,0
style.css,122,css,40f6d955,Roham Mehrabi,2025-01-18,20:42:19,-08:00,2025-01-18T20:42:19-08:00,0,13
style.css,123,css,40f6d955,Roham Mehrabi,2025-01-18,20:42:19,-08:00,2025-01-18T20:42:19-08:00,0,16
style.css,124,css,40f6d955,Roham Mehrabi,2025-01-18,20:42:19,-08:00,2025-01-18T20:42:19-08:00,0,37
style.css,125,css,40f6d955,Roham Mehrabi,2025-01-18,20:42:19,-08:00,2025-01-18T20:42:19-08:00,0,16
style.css,126,css,40f6d955,Roham Mehrabi,2025-01-18,20:42:19,-08:00,2025-01-18T20:42:19-08:00,0,0
style.css,127,css,40f6d955,Roham Mehrabi,2025-01-18,20:42:19,-08:00,2025-01-18T20:42:19-08:00,0,0
style.css,128,css,40f6d955,Roham Mehrabi,2025-01-18,20:42:19,-08:00,2025-01-18T20:42:19-08:00,0,14
style.css,129,css,40f6d955,Roham Mehrabi,2025-01-18,20:42:19,-08:00,2025-01-18T20:42:19-08:00,0,52
style.css,130,css,40f6d955,Roham Mehrabi,2025-01-18,20:42:19,-08:00,2025-01-18T20:42:19-08:00,0,46
style.css,131,css,40f6d955,Roham Mehrabi,2025-01-18,20:42:19,-08:00,2025-01-18T20:42:19-08:00,0,48
style.css,132,css,40f6d955,Roham Mehrabi,2025-01-18,20:42:19,-08:00,2025-01-18T20:42:19-08:00,0,25
style.css,133,css,40f6d955,Roham Mehrabi,2025-01-18,20:42:19,-08:00,2025-01-18T20:42:19-08:00,0,0
style.css,134,css,40f6d955,Roham Mehrabi,2025-01-18,20:42:19,-08:00,2025-01-18T20:42:19-08:00,0,0
style.css,135,css,40f6d955,Roham Mehrabi,2025-01-18,20:42:19,-08:00,2025-01-18T20:42:19-08:00,0,12
style.css,136,css,40f6d955,Roham Mehrabi,2025-01-18,20:42:19,-08:00,2025-01-18T20:42:19-08:00,0,9
style.css,137,css,40f6d955,Roham Mehrabi,2025-01-18,20:42:19,-08:00,2025-01-18T20:42:19-08:00,0,16
style.css,138,css,40f6d955,Roham Mehrabi,2025-01-18,20:42:19,-08:00,2025-01-18T20:42:19-08:00,0,34
style.css,139,css,40f6d955,Roham Mehrabi,2025-01-18,20:42:19,-08:00,2025-01-18T20:42:19-08:00,0,0
style.css,140,css,40f6d955,Roham Mehrabi,2025-01-18,20:42:19,-08:00,2025-01-18T20:42:19-08:00,0,0
style.css,141,css,40f6d955,Roham Mehrabi,2025-01-18,20:42:19,-08:00,2025-01-18T20:42:19-08:00,0,0
style.css,142,css,40f6d955,Roham Mehrabi,2025-01-18,20:42:19,-08:00,2025-01-18T20:42:19-08:00,0,0
style.css,143,css,40f6d955,Roham Mehrabi,2025-01-18,20:42:19,-08:00,2025-01-18T20:42:19-08:00,0,0
style.css,144,css,40f6d955,Roham Mehrabi,2025-01-18,20:42:19,-08:00,2025-01-18T20:42:19-08:00,0,0
style.css,145,css,40f6d955,Roham Mehrabi,2025-01-18,20:42:19,-08:00,2025-01-18T20:42:19-08:00,0,0
style.css,146,css,40f6d955,Roham Mehrabi,2025-01-18,20:42:19,-08:00,2025-01-18T20:42:19-08:00,0,0
style.css,147,css,40f6d955,Roham Mehrabi,2025-01-18,20:42:19,-08:00,2025-01-18T20:42:19-08:00,0,0
style.css,148,css,40f6d955,Roham Mehrabi,2025-01-18,20:42:19,-08:00,2025-01-18T20:42:19-08:00,0,0
style.css,149,css,40f6d955,Roham Mehrabi,2025-01-18,20:42:19,-08:00,2025-01-18T20:42:19-08:00,0,21
style.css,150,css,40f6d955,Roham Mehrabi,2025-01-18,20:42:19,-08:00,2025-01-18T20:42:19-08:00,0,5
style.css,151,css,c96e8a0b,Roham Mehrabi,2025-01-24,20:37:10,-08:00,2025-01-24T20:37:10-08:00,0,24
style.css,152,css,c96e8a0b,Roham Mehrabi,2025-01-24,20:37:10,-08:00,2025-01-24T20:37:10-08:00,0,16
style.css,153,css,c96e8a0b,Roham Mehrabi,2025-01-24,20:37:10,-08:00,2025-01-24T20:37:10-08:00,0,19
style.css,154,css,c96e8a0b,Roham Mehrabi,2025-01-24,20:37:10,-08:00,2025-01-24T20:37:10-08:00,0,15
style.css,155,css,40f6d955,Roham Mehrabi,2025-01-18,20:42:19,-08:00,2025-01-18T20:42:19-08:00,0,0
style.css,156,css,40f6d955,Roham Mehrabi,2025-01-18,20:42:19,-08:00,2025-01-18T20:42:19-08:00,0,0
style.css,157,css,40f6d955,Roham Mehrabi,2025-01-18,20:42:19,-08:00,2025-01-18T20:42:19-08:00,0,0
style.css,158,css,40f6d955,Roham Mehrabi,2025-01-18,20:42:19,-08:00,2025-01-18T20:42:19-08:00,0,9
style.css,159,css,40f6d955,Roham Mehrabi,2025-01-18,20:42:19,-08:00,2025-01-18T20:42:19-08:00,0,78
style.css,160,css,75956b5c,Roham Mehrabi,2025-02-07,19:09:30,-08:00,2025-02-07T19:09:30-08:00,0,0
style.css,161,css,75956b5c,Roham Mehrabi,2025-02-07,19:09:30,-08:00,2025-02-07T19:09:30-08:00,0,0
style.css,162,css,75956b5c,Roham Mehrabi,2025-02-07,19:09:30,-08:00,2025-02-07T19:09:30-08:00,0,0
style.css,163,css,75956b5c,Roham Mehrabi,2025-02-07,19:09:30,-08:00,2025-02-07T19:09:30-08:00,0,0
style.css,164,css,75956b5c,Roham Mehrabi,2025-02-07,19:09:30,-08:00,2025-02-07T19:09:30-08:00,0,0
style.css,165,css,75956b5c,Roham Mehrabi,2025-02-07,19:09:30,-08:00,2025-02-07T19:09:30-08:00,0,0
style.css,166,css,75956b5c,Roham Mehrabi,2025-02-07,19:09:30,-08:00,2025-02-07T19:09:30-08:00,0,0
style.css,167,css,75956b5c,Roham Mehrabi,2025-02-07,19:09:30,-08:00,2025-02-07T19:09:30-08:00,0,17
style.css,168,css,75956b5c,Roham Mehrabi,2025-02-07,19:09:30,-08:00,2025-02-07T19:09:30-08:00,0,13
style.css,169,css,75956b5c,Roham Mehrabi,2025-02-07,19:09:30,-08:00,2025-02-07T19:09:30-08:00,0,22
style.css,170,css,75956b5c,Roham Mehrabi,2025-02-07,19:09:30,-08:00,2025-02-07T19:09:30-08:00,0,11
style.css,171,css,75956b5c,Roham Mehrabi,2025-02-07,19:09:30,-08:00,2025-02-07T19:09:30-08:00,0,0
style.css,172,css,75956b5c,Roham Mehrabi,2025-02-07,19:09:30,-08:00,2025-02-07T19:09:30-08:00,0,0
style.css,173,css,75956b5c,Roham Mehrabi,2025-02-07,19:09:30,-08:00,2025-02-07T19:09:30-08:00,0,30
style.css,174,css,75956b5c,Roham Mehrabi,2025-02-07,19:09:30,-08:00,2025-02-07T19:09:30-08:00,0,9
style.css,175,css,75956b5c,Roham Mehrabi,2025-02-07,19:09:30,-08:00,2025-02-07T19:09:30-08:00,0,0
style.css,176,css,75956b5c,Roham Mehrabi,2025-02-07,19:09:30,-08:00,2025-02-07T19:09:30-08:00,0,0
style.css,177,css,75956b5c,Roham Mehrabi,2025-02-07,19:09:30,-08:00,2025-02-07T19:09:30-08:00,0,23
style.css,178,css,75956b5c,Roham Mehrabi,2025-02-07,19:09:30,-08:00,2025-02-07T19:09:30-08:00,0,9
style.css,179,css,75956b5c,Roham Mehrabi,2025-02-07,19:09:30,-08:00,2025-02-07T19:09:30-08:00,0,11
style.css,180,css,75956b5c,Roham Mehrabi,2025-02-07,19:09:30,-08:00,2025-02-07T19:09:30-08:00,0,100
style.css,181,css,75956b5c,Roham Mehrabi,2025-02-07,19:09:30,-08:00,2025-02-07T19:09:30-08:00,0,35
style.css,182,css,75956b5c,Roham Mehrabi,2025-02-07,19:09:30,-08:00,2025-02-07T19:09:30-08:00,0,0
style.css,183,css,75956b5c,Roham Mehrabi,2025-02-07,19:09:30,-08:00,2025-02-07T19:09:30-08:00,0,0
style.css,184,css,75956b5c,Roham Mehrabi,2025-02-07,19:09:30,-08:00,2025-02-07T19:09:30-08:00,0,0
style.css,185,css,75956b5c,Roham Mehrabi,2025-02-07,19:09:30,-08:00,2025-02-07T19:09:30-08:00,0,0
style.css,186,css,75956b5c,Roham Mehrabi,2025-02-07,19:09:30,-08:00,2025-02-07T19:09:30-08:00,0,19
style.css,187,css,75956b5c,Roham Mehrabi,2025-02-07,19:09:30,-08:00,2025-02-07T19:09:30-08:00,0,15
style.css,188,css,75956b5c,Roham Mehrabi,2025-02-07,19:09:30,-08:00,2025-02-07T19:09:30-08:00,0,17
style.css,189,css,75956b5c,Roham Mehrabi,2025-02-07,19:09:30,-08:00,2025-02-07T19:09:30-08:00,0,17
style.css,190,css,75956b5c,Roham Mehrabi,2025-02-07,19:09:30,-08:00,2025-02-07T19:09:30-08:00,0,0
style.css,191,css,75956b5c,Roham Mehrabi,2025-02-07,19:09:30,-08:00,2025-02-07T19:09:30-08:00,0,0
style.css,192,css,75956b5c,Roham Mehrabi,2025-02-07,19:09:30,-08:00,2025-02-07T19:09:30-08:00,0,0
style.css,193,css,75956b5c,Roham Mehrabi,2025-02-07,19:09:30,-08:00,2025-02-07T19:09:30-08:00,0,0
style.css,194,css,75956b5c,Roham Mehrabi,2025-02-07,19:09:30,-08:00,2025-02-07T19:09:30-08:00,0,0
style.css,195,css,75956b5c,Roham Mehrabi,2025-02-07,19:09:30,-08:00,2025-02-07T19:09:30-08:00,0,57
style.css,196,css,75956b5c,Roham Mehrabi,2025-02-07,19:09:30,-08:00,2025-02-07T19:09:30-08:00,0,11
style.css,197,css,75956b5c,Roham Mehrabi,2025-02-07,19:09:30,-08:00,2025-02-07T19:09:30-08:00,0,13
style.css,198,css,75956b5c,Roham Mehrabi,2025-02-07,19:09:30,-08:00,2025-02-07T19:09:30-08:00,0,64
style.css,199,css,75956b5c,Roham Mehrabi,2025-02-07,19:09:30,-08:00,2025-02-07T19:09:30-08:00,0,60
style.css,200,css,75956b5c,Roham Mehrabi,2025-02-07,19:09:30,-08:00,2025-02-07T19:09:30-08:00,0,71
style.css,201,css,75956b5c,Roham Mehrabi,2025-02-07,19:09:30,-08:00,2025-02-07T19:09:30-08:00,0,0
style.css,202,css,75956b5c,Roham Mehrabi,2025-02-07,19:09:30,-08:00,2025-02-07T19:09:30-08:00,0,0
style.css,203,css,75956b5c,Roham Mehrabi,2025-02-07,19:09:30,-08:00,2025-02-07T19:09:30-08:00,0,42
style.css,204,css,75956b5c,Roham Mehrabi,2025-02-07,19:09:30,-08:00,2025-02-07T19:09:30-08:00,0,19
style.css,205,css,75956b5c,Roham Mehrabi,2025-02-07,19:09:30,-08:00,2025-02-07T19:09:30-08:00,0,7
style.css,206,css,75956b5c,Roham Mehrabi,2025-02-07,19:09:30,-08:00,2025-02-07T19:09:30-08:00,0,111
style.css,207,css,75956b5c,Roham Mehrabi,2025-02-07,19:09:30,-08:00,2025-02-07T19:09:30-08:00,0,0
style.css,208,css,75956b5c,Roham Mehrabi,2025-02-07,19:09:30,-08:00,2025-02-07T19:09:30-08:00,0,0
style.css,209,css,75956b5c,Roham Mehrabi,2025-02-07,19:09:30,-08:00,2025-02-07T19:09:30-08:00,0,58
style.css,210,css,75956b5c,Roham Mehrabi,2025-02-07,19:09:30,-08:00,2025-02-07T19:09:30-08:00,0,8
style.css,211,css,75956b5c,Roham Mehrabi,2025-02-07,19:09:30,-08:00,2025-02-07T19:09:30-08:00,0,13
style.css,212,css,75956b5c,Roham Mehrabi,2025-02-07,19:09:30,-08:00,2025-02-07T19:09:30-08:00,0,58
style.css,213,css,75956b5c,Roham Mehrabi,2025-02-07,19:09:30,-08:00,2025-02-07T19:09:30-08:00,0,8
style.css,214,css,75956b5c,Roham Mehrabi,2025-02-07,19:09:30,-08:00,2025-02-07T19:09:30-08:00,0,16
style.css,215,css,75956b5c,Roham Mehrabi,2025-02-07,19:09:30,-08:00,2025-02-07T19:09:30-08:00,0,22
style.css,216,css,75956b5c,Roham Mehrabi,2025-02-07,19:09:30,-08:00,2025-02-07T19:09:30-08:00,0,14
style.css,217,css,75956b5c,Roham Mehrabi,2025-02-07,19:09:30,-08:00,2025-02-07T19:09:30-08:00,0,13
style.css,218,css,75956b5c,Roham Mehrabi,2025-02-07,19:09:30,-08:00,2025-02-07T19:09:30-08:00,0,0
style.css,219,css,75956b5c,Roham Mehrabi,2025-02-07,19:09:30,-08:00,2025-02-07T19:09:30-08:00,0,0
style.css,220,css,75956b5c,Roham Mehrabi,2025-02-07,19:09:30,-08:00,2025-02-07T19:09:30-08:00,0,24
style.css,221,css,75956b5c,Roham Mehrabi,2025-02-07,19:09:30,-08:00,2025-02-07T19:09:30-08:00,0,11
style.css,222,css,75956b5c,Roham Mehrabi,2025-02-07,19:09:30,-08:00,2025-02-07T19:09:30-08:00,0,13
style.css,223,css,75956b5c,Roham Mehrabi,2025-02-07,19:09:30,-08:00,2025-02-07T19:09:30-08:00,0,19
style.css,224,css,75956b5c,Roham Mehrabi,2025-02-07,19:09:30,-08:00,2025-02-07T19:09:30-08:00,0,10
style.css,225,css,75956b5c,Roham Mehrabi,2025-02-07,19:09:30,-08:00,2025-02-07T19:09:30-08:00,0,15
style.css,226,css,75956b5c,Roham Mehrabi,2025-02-07,19:09:30,-08:00,2025-02-07T19:09:30-08:00,0,0
style.css,227,css,75956b5c,Roham Mehrabi,2025-02-07,19:09:30,-08:00,2025-02-07T19:09:30-08:00,0,0
style.css,228,css,75956b5c,Roham Mehrabi,2025-02-07,19:09:30,-08:00,2025-02-07T19:09:30-08:00,0,34
style.css,229,css,75956b5c,Roham Mehrabi,2025-02-07,19:09:30,-08:00,2025-02-07T19:09:30-08:00,0,19
style.css,230,css,75956b5c,Roham Mehrabi,2025-02-07,19:09:30,-08:00,2025-02-07T19:09:30-08:00,0,21
style.css,231,css,75956b5c,Roham Mehrabi,2025-02-07,19:09:30,-08:00,2025-02-07T19:09:30-08:00,0,10
style.css,232,css,75956b5c,Roham Mehrabi,2025-02-07,19:09:30,-08:00,2025-02-07T19:09:30-08:00,0,19
style.css,233,css,75956b5c,Roham Mehrabi,2025-02-07,19:09:30,-08:00,2025-02-07T19:09:30-08:00,0,30
style.css,234,css,75956b5c,Roham Mehrabi,2025-02-07,19:09:30,-08:00,2025-02-07T19:09:30-08:00,0,18
style.css,235,css,d99ef3f9,Roham Mehrabi,2025-02-07,21:09:23,-08:00,2025-02-07T21:09:23-08:00,0,0
style.css,236,css,d99ef3f9,Roham Mehrabi,2025-02-07,21:09:23,-08:00,2025-02-07T21:09:23-08:00,0,0
style.css,237,css,d99ef3f9,Roham Mehrabi,2025-02-07,21:09:23,-08:00,2025-02-07T21:09:23-08:00,0,0
style.css,238,css,d99ef3f9,Roham Mehrabi,2025-02-07,21:09:23,-08:00,2025-02-07T21:09:23-08:00,0,0
style.css,239,css,d99ef3f9,Roham Mehrabi,2025-02-07,21:09:23,-08:00,2025-02-07T21:09:23-08:00,0,0
style.css,240,css,d99ef3f9,Roham Mehrabi,2025-02-07,21:09:23,-08:00,2025-02-07T21:09:23-08:00,0,0
style.css,241,css,d99ef3f9,Roham Mehrabi,2025-02-07,21:09:23,-08:00,2025-02-07T21:09:23-08:00,0,51
style.css,242,css,d99ef3f9,Roham Mehrabi,2025-02-07,21:09:23,-08:00,2025-02-07T21:09:23-08:00,0,37
style.css,243,css,d99ef3f9,Roham Mehrabi,2025-02-07,21:09:23,-08:00,2025-02-07T21:09:23-08:00,0,12
style.css,244,css,d99ef3f9,Roham Mehrabi,2025-02-07,21:09:23,-08:00,2025-02-07T21:09:23-08:00,0,0
style.css,245,css,d99ef3f9,Roham Mehrabi,2025-02-07,21:09:23,-08:00,2025-02-07T21:09:23-08:00,0,0
style.css,246,css,d99ef3f9,Roham Mehrabi,2025-02-07,21:09:23,-08:00,2025-02-07T21:09:23-08:00,0,40
style.css,247,css,d99ef3f9,Roham Mehrabi,2025-02-07,21:09:23,-08:00,2025-02-07T21:09:23-08:00,0,9
style.css,248,css,d99ef3f9,Roham Mehrabi,2025-02-07,21:09:23,-08:00,2025-02-07T21:09:23-08:00,0,25
style.css,249,css,d99ef3f9,Roham Mehrabi,2025-02-07,21:09:23,-08:00,2025-02-07T21:09:23-08:00,0,0
style.css,250,css,d99ef3f9,Roham Mehrabi,2025-02-07,21:09:23,-08:00,2025-02-07T21:09:23-08:00,0,0
style.css,251,css,d99ef3f9,Roham Mehrabi,2025-02-07,21:09:23,-08:00,2025-02-07T21:09:23-08:00,0,10
style.css,252,css,d99ef3f9,Roham Mehrabi,2025-02-07,21:09:23,-08:00,2025-02-07T21:09:23-08:00,0,91
style.css,253,css,d99ef3f9,Roham Mehrabi,2025-02-07,21:09:23,-08:00,2025-02-07T21:09:23-08:00,0,36
style.css,254,css,d99ef3f9,Roham Mehrabi,2025-02-07,21:09:23,-08:00,2025-02-07T21:09:23-08:00,0,0
style.css,255,css,d99ef3f9,Roham Mehrabi,2025-02-07,21:09:23,-08:00,2025-02-07T21:09:23-08:00,0,0
style.css,256,css,d99ef3f9,Roham Mehrabi,2025-02-07,21:09:23,-08:00,2025-02-07T21:09:23-08:00,0,50
style.css,257,css,d99ef3f9,Roham Mehrabi,2025-02-07,21:09:23,-08:00,2025-02-07T21:09:23-08:00,0,19
style.css,258,css,d99ef3f9,Roham Mehrabi,2025-02-07,21:09:23,-08:00,2025-02-07T21:09:23-08:00,0,18
style.css,259,css,d99ef3f9,Roham Mehrabi,2025-02-07,21:09:23,-08:00,2025-02-07T21:09:23-08:00,0,0
style.css,260,css,d99ef3f9,Roham Mehrabi,2025-02-07,21:09:23,-08:00,2025-02-07T21:09:23-08:00,0,0
style.css,261,css,d99ef3f9,Roham Mehrabi,2025-02-07,21:09:23,-08:00,2025-02-07T21:09:23-08:00,0,57
style.css,262,css,d99ef3f9,Roham Mehrabi,2025-02-07,21:09:23,-08:00,2025-02-07T21:09:23-08:00,0,9
style.css,263,css,d99ef3f9,Roham Mehrabi,2025-02-07,21:09:23,-08:00,2025-02-07T21:09:23-08:00,0,15
style.css,264,css,8db2d91c,Roham Mehrabi,2025-02-07,21:33:31,-08:00,2025-02-07T21:33:31-08:00,0,0
style.css,265,css,8db2d91c,Roham Mehrabi,2025-02-07,21:33:31,-08:00,2025-02-07T21:33:31-08:00,0,0
style.css,266,css,8db2d91c,Roham Mehrabi,2025-02-07,21:33:31,-08:00,2025-02-07T21:33:31-08:00,0,10
style.css,267,css,8db2d91c,Roham Mehrabi,2025-02-07,21:33:31,-08:00,2025-02-07T21:33:31-08:00,0,14
style.css,268,css,8db2d91c,Roham Mehrabi,2025-02-07,21:33:31,-08:00,2025-02-07T21:33:31-08:00,0,66
style.css,269,css,8db2d91c,Roham Mehrabi,2025-02-07,21:33:31,-08:00,2025-02-07T21:33:31-08:00,0,0
style.css,270,css,8db2d91c,Roham Mehrabi,2025-02-07,21:33:31,-08:00,2025-02-07T21:33:31-08:00,0,0
style.css,271,css,8db2d91c,Roham Mehrabi,2025-02-07,21:33:31,-08:00,2025-02-07T21:33:31-08:00,0,11
style.css,272,css,8db2d91c,Roham Mehrabi,2025-02-07,21:33:31,-08:00,2025-02-07T21:33:31-08:00,0,14
style.css,273,css,8db2d91c,Roham Mehrabi,2025-02-07,21:33:31,-08:00,2025-02-07T21:33:31-08:00,0,11
style.css,274,css,8db2d91c,Roham Mehrabi,2025-02-07,21:33:31,-08:00,2025-02-07T21:33:31-08:00,0,51
style.css,275,css,8db2d91c,Roham Mehrabi,2025-02-07,21:33:31,-08:00,2025-02-07T21:33:31-08:00,0,14
style.css,276,css,8db2d91c,Roham Mehrabi,2025-02-07,21:33:31,-08:00,2025-02-07T21:33:31-08:00,0,15
style.css,277,css,8db2d91c,Roham Mehrabi,2025-02-07,21:33:31,-08:00,2025-02-07T21:33:31-08:00,0,52
style.css,278,css,40f6d955,Roham Mehrabi,2025-01-18,20:42:19,-08:00,2025-01-18T20:42:19-08:00,0,0
index.js,1,js,ad69f1c2,Roham Mehrabi,2025-01-31,23:51:40,-08:00,2025-01-31T23:51:40-08:00,0,72
index.js,2,js,d99ef3f9,Roham Mehrabi,2025-02-07,21:09:23,-08:00,2025-02-07T21:09:23-08:00,0,64
index.js,3,js,ad69f1c2,Roham Mehrabi,2025-01-31,23:51:40,-08:00,2025-01-31T23:51:40-08:00,0,0
index.js,4,js,8db2d91c,Roham Mehrabi,2025-02-07,21:33:31,-08:00,2025-02-07T21:33:31-08:00,0,18
index.js,5,js,8db2d91c,Roham Mehrabi,2025-02-07,21:33:31,-08:00,2025-02-07T21:33:31-08:00,0,21
index.js,6,js,8db2d91c,Roham Mehrabi,2025-02-07,21:33:31,-08:00,2025-02-07T21:33:31-08:00,0,61
index.js,7,js,8db2d91c,Roham Mehrabi,2025-02-07,21:33:31,-08:00,2025-02-07T21:33:31-08:00,0,66
index.js,8,js,8db2d91c,Roham Mehrabi,2025-02-07,21:33:31,-08:00,2025-02-07T21:33:31-08:00,0,0
index.js,9,js,ad69f1c2,Roham Mehrabi,2025-01-31,23:51:40,-08:00,2025-01-31T23:51:40-08:00,0,58
index.js,10,js,d99ef3f9,Roham Mehrabi,2025-02-07,21:09:23,-08:00,2025-02-07T21:09:23-08:00,0,73
index.js,11,js,ad69f1c2,Roham Mehrabi,2025-01-31,23:51:40,-08:00,2025-01-31T23:51:40-08:00,0,61
index.js,12,js,d99ef3f9,Roham Mehrabi,2025-02-07,21:09:23,-08:00,2025-02-07T21:09:23-08:00,0,56
index.js,13,js,ad69f1c2,Roham Mehrabi,2025-01-31,23:51:40,-08:00,2025-01-31T23:51:40-08:00,0,0
index.js,14,js,d99ef3f9,Roham Mehrabi,2025-02-07,21:09:23,-08:00,2025-02-07T21:09:23-08:00,0,28
index.js,15,js,8db2d91c,Roham Mehrabi,2025-02-07,21:33:31,-08:00,2025-02-07T21:33:31-08:00,0,54
index.js,16,js,d99ef3f9,Roham Mehrabi,2025-02-07,21:09:23,-08:00,2025-02-07T21:09:23-08:00,0,0
index.js,17,js,d99ef3f9,Roham Mehrabi,2025-02-07,21:09:23,-08:00,2025-02-07T21:09:23-08:00,0,25
index.js,18,js,d99ef3f9,Roham Mehrabi,2025-02-07,21:09:23,-08:00,2025-02-07T21:09:23-08:00,0,49
index.js,19,js,d99ef3f9,Roham Mehrabi,2025-02-07,21:09:23,-08:00,2025-02-07T21:09:23-08:00,0,0
index.js,20,js,d99ef3f9,Roham Mehrabi,2025-02-07,21:09:23,-08:00,2025-02-07T21:09:23-08:00,0,50
index.js,21,js,8db2d91c,Roham Mehrabi,2025-02-07,21:33:31,-08:00,2025-02-07T21:33:31-08:00,0,46
index.js,22,js,d99ef3f9,Roham Mehrabi,2025-02-07,21:09:23,-08:00,2025-02-07T21:09:23-08:00,0,32
index.js,23,js,8db2d91c,Roham Mehrabi,2025-02-07,21:33:31,-08:00,2025-02-07T21:33:31-08:00,0,36
index.js,24,js,d99ef3f9,Roham Mehrabi,2025-02-07,21:09:23,-08:00,2025-02-07T21:09:23-08:00,0,49
index.js,25,js,d99ef3f9,Roham Mehrabi,2025-02-07,21:09:23,-08:00,2025-02-07T21:09:23-08:00,0,20
index.js,26,js,d99ef3f9,Roham Mehrabi,2025-02-07,21:09:23,-08:00,2025-02-07T21:09:23-08:00,0,24
index.js,27,js,d99ef3f9,Roham Mehrabi,2025-02-07,21:09:23,-08:00,2025-02-07T21:09:23-08:00,0,50
index.js,28,js,d99ef3f9,Roham Mehrabi,2025-02-07,21:09:23,-08:00,2025-02-07T21:09:23-08:00,0,28
index.js,29,js,d99ef3f9,Roham Mehrabi,2025-02-07,21:09:23,-08:00,2025-02-07T21:09:23-08:00,0,1
index.js,30,js,d99ef3f9,Roham Mehrabi,2025-02-07,21:09:23,-08:00,2025-02-07T21:09:23-08:00,0,38
index.js,31,js,d99ef3f9,Roham Mehrabi,2025-02-07,21:09:23,-08:00,2025-02-07T21:09:23-08:00,0,2
index.js,32,js,d99ef3f9,Roham Mehrabi,2025-02-07,21:09:23,-08:00,2025-02-07T21:09:23-08:00,0,0
index.js,33,js,d99ef3f9,Roham Mehrabi,2025-02-07,21:09:23,-08:00,2025-02-07T21:09:23-08:00,0,0
index.js,34,js,8db2d91c,Roham Mehrabi,2025-02-07,21:33:31,-08:00,2025-02-07T21:33:31-08:00,0,45
index.js,35,js,8db2d91c,Roham Mehrabi,2025-02-07,21:33:31,-08:00,2025-02-07T21:33:31-08:00,0,1
index.js,36,js,8db2d91c,Roham Mehrabi,2025-02-07,21:33:31,-08:00,2025-02-07T21:33:31-08:00,0,7
index.js,37,js,8db2d91c,Roham Mehrabi,2025-02-07,21:33:31,-08:00,2025-02-07T21:33:31-08:00,0,65
index.js,38,js,8db2d91c,Roham Mehrabi,2025-02-07,21:33:31,-08:00,2025-02-07T21:33:31-08:00,0,45
index.js,39,js,8db2d91c,Roham Mehrabi,2025-02-07,21:33:31,-08:00,2025-02-07T21:33:31-08:00,0,70
index.js,40,js,8db2d91c,Roham Mehrabi,2025-02-07,21:33:31,-08:00,2025-02-07T21:33:31-08:00,0,36
index.js,41,js,8db2d91c,Roham Mehrabi,2025-02-07,21:33:31,-08:00,2025-02-07T21:33:31-08:00,0,26
index.js,42,js,d99ef3f9,Roham Mehrabi,2025-02-07,21:09:23,-08:00,2025-02-07T21:09:23-08:00,0,39
index.js,43,js,d99ef3f9,Roham Mehrabi,2025-02-07,21:09:23,-08:00,2025-02-07T21:09:23-08:00,0,43
index.js,44,js,d99ef3f9,Roham Mehrabi,2025-02-07,21:09:23,-08:00,2025-02-07T21:09:23-08:00,0,35
index.js,45,js,d99ef3f9,Roham Mehrabi,2025-02-07,21:09:23,-08:00,2025-02-07T21:09:23-08:00,0,0
index.js,46,js,d99ef3f9,Roham Mehrabi,2025-02-07,21:09:23,-08:00,2025-02-07T21:09:23-08:00,0,44
index.js,47,js,d99ef3f9,Roham Mehrabi,2025-02-07,21:09:23,-08:00,2025-02-07T21:09:23-08:00,0,30
index.js,48,js,d99ef3f9,Roham Mehrabi,2025-02-07,21:09:23,-08:00,2025-02-07T21:09:23-08:00,0,31
index.js,49,js,d99ef3f9,Roham Mehrabi,2025-02-07,21:09:23,-08:00,2025-02-07T21:09:23-08:00,0,0
index.js,50,js,8db2d91c,Roham Mehrabi,2025-02-07,21:33:31,-08:00,2025-02-07T21:33:31-08:00,0,41
index.js,51,js,8db2d91c,Roham Mehrabi,2025-02-07,21:33:31,-08:00,2025-02-07T21:33:31-08:00,0,29
index.js,52,js,8db2d91c,Roham Mehrabi,2025-02-07,21:33:31,-08:00,2025-02-07T21:33:31-08:00,0,12
index.js,53,js,8db2d91c,Roham Mehrabi,2025-02-07,21:33:31,-08:00,2025-02-07T21:33:31-08:00,0,13
index.js,54,js,8db2d91c,Roham Mehrabi,2025-02-07,21:33:31,-08:00,2025-02-07T21:33:31-08:00,0,10
index.js,55,js,d99ef3f9,Roham Mehrabi,2025-02-07,21:09:23,-08:00,2025-02-07T21:09:23-08:00,0,1
index.js,56,js,d99ef3f9,Roham Mehrabi,2025-02-07,21:09:23,-08:00,2025-02-07T21:09:23-08:00,0,0
index.js,57,js,d99ef3f9,Roham Mehrabi,2025-02-07,21:09:23,-08:00,2025-02-07T21:09:23-08:00,0,69
index.js,58,js,8db2d91c,Roham Mehrabi,2025-02-07,21:33:31,-08:00,2025-02-07T21:33:31-08:00,0,83
index.js,59,js,d99ef3f9,Roham Mehrabi,2025-02-07,21:09:23,-08:00,2025-02-07T21:09:23-08:00,0,0
index.js,60,js,8db2d91c,Roham Mehrabi,2025-02-07,21:33:31,-08:00,2025-02-07T21:33:31-08:00,0,45
index.js,61,js,8db2d91c,Roham Mehrabi,2025-02-07,21:33:31,-08:00,2025-02-07T21:33:31-08:00,0,33
index.js,62,js,d99ef3f9,Roham Mehrabi,2025-02-07,21:09:23,-08:00,2025-02-07T21:09:23-08:00,0,0
index.js,63,js,8db2d91c,Roham Mehrabi,2025-02-07,21:33:31,-08:00,2025-02-07T21:33:31-08:00,0,31
index.js,64,js,8db2d91c,Roham Mehrabi,2025-02-07,21:33:31,-08:00,2025-02-07T21:33:31-08:00,0,49
index.js,65,js,8db2d91c,Roham Mehrabi,2025-02-07,21:33:31,-08:00,2025-02-07T21:33:31-08:00,0,38
index.js,66,js,d99ef3f9,Roham Mehrabi,2025-02-07,21:09:23,-08:00,2025-02-07T21:09:23-08:00,0,0
index.js,67,js,8db2d91c,Roham Mehrabi,2025-02-07,21:33:31,-08:00,2025-02-07T21:33:31-08:00,0,26
index.js,68,js,8db2d91c,Roham Mehrabi,2025-02-07,21:33:31,-08:00,2025-02-07T21:33:31-08:00,0,28
index.js,69,js,d99ef3f9,Roham Mehrabi,2025-02-07,21:09:23,-08:00,2025-02-07T21:09:23-08:00,0,14
index.js,70,js,d99ef3f9,Roham Mehrabi,2025-02-07,21:09:23,-08:00,2025-02-07T21:09:23-08:00,0,16
index.js,71,js,d99ef3f9,Roham Mehrabi,2025-02-07,21:09:23,-08:00,2025-02-07T21:09:23-08:00,0,0
index.js,72,js,d99ef3f9,Roham Mehrabi,2025-02-07,21:09:23,-08:00,2025-02-07T21:09:23-08:00,0,52
index.js,73,js,d99ef3f9,Roham Mehrabi,2025-02-07,21:09:23,-08:00,2025-02-07T21:09:23-08:00,0,35
index.js,74,js,8db2d91c,Roham Mehrabi,2025-02-07,21:33:31,-08:00,2025-02-07T21:33:31-08:00,0,34
index.js,75,js,d99ef3f9,Roham Mehrabi,2025-02-07,21:09:23,-08:00,2025-02-07T21:09:23-08:00,0,27
index.js,76,js,d99ef3f9,Roham Mehrabi,2025-02-07,21:09:23,-08:00,2025-02-07T21:09:23-08:00,0,0
index.js,77,js,d99ef3f9,Roham Mehrabi,2025-02-07,21:09:23,-08:00,2025-02-07T21:09:23-08:00,0,52
index.js,78,js,8db2d91c,Roham Mehrabi,2025-02-07,21:33:31,-08:00,2025-02-07T21:33:31-08:00,0,26
index.js,79,js,d99ef3f9,Roham Mehrabi,2025-02-07,21:09:23,-08:00,2025-02-07T21:09:23-08:00,0,17
index.js,80,js,8db2d91c,Roham Mehrabi,2025-02-07,21:33:31,-08:00,2025-02-07T21:33:31-08:00,0,26
index.js,81,js,8db2d91c,Roham Mehrabi,2025-02-07,21:33:31,-08:00,2025-02-07T21:33:31-08:00,0,43
index.js,82,js,d99ef3f9,Roham Mehrabi,2025-02-07,21:09:23,-08:00,2025-02-07T21:09:23-08:00,0,22
index.js,83,js,d99ef3f9,Roham Mehrabi,2025-02-07,21:09:23,-08:00,2025-02-07T21:09:23-08:00,0,26
index.js,84,js,8db2d91c,Roham Mehrabi,2025-02-07,21:33:31,-08:00,2025-02-07T21:33:31-08:00,0,52
index.js,85,js,d99ef3f9,Roham Mehrabi,2025-02-07,21:09:23,-08:00,2025-02-07T21:09:23-08:00,0,19
index.js,86,js,8db2d91c,Roham Mehrabi,2025-02-07,21:33:31,-08:00,2025-02-07T21:33:31-08:00,0,23
index.js,87,js,d99ef3f9,Roham Mehrabi,2025-02-07,21:09:23,-08:00,2025-02-07T21:09:23-08:00,0,44
index.js,88,js,8db2d91c,Roham Mehrabi,2025-02-07,21:33:31,-08:00,2025-02-07T21:33:31-08:00,0,0
index.js,89,js,8db2d91c,Roham Mehrabi,2025-02-07,21:33:31,-08:00,2025-02-07T21:33:31-08:00,0,54
index.js,90,js,d99ef3f9,Roham Mehrabi,2025-02-07,21:09:23,-08:00,2025-02-07T21:09:23-08:00,0,20
index.js,91,js,d99ef3f9,Roham Mehrabi,2025-02-07,21:09:23,-08:00,2025-02-07T21:09:23-08:00,0,67
index.js,92,js,d99ef3f9,Roham Mehrabi,2025-02-07,21:09:23,-08:00,2025-02-07T21:09:23-08:00,0,21
index.js,93,js,d99ef3f9,Roham Mehrabi,2025-02-07,21:09:23,-08:00,2025-02-07T21:09:23-08:00,0,67
index.js,94,js,d99ef3f9,Roham Mehrabi,2025-02-07,21:09:23,-08:00,2025-02-07T21:09:23-08:00,0,0
index.js,95,js,d99ef3f9,Roham Mehrabi,2025-02-07,21:09:23,-08:00,2025-02-07T21:09:23-08:00,0,26
index.js,96,js,8db2d91c,Roham Mehrabi,2025-02-07,21:33:31,-08:00,2025-02-07T21:33:31-08:00,0,39
index.js,97,js,d99ef3f9,Roham Mehrabi,2025-02-07,21:09:23,-08:00,2025-02-07T21:09:23-08:00,0,32
index.js,98,js,d99ef3f9,Roham Mehrabi,2025-02-07,21:09:23,-08:00,2025-02-07T21:09:23-08:00,0,7
index.js,99,js,8db2d91c,Roham Mehrabi,2025-02-07,21:33:31,-08:00,2025-02-07T21:33:31-08:00,0,50
index.js,100,js,8db2d91c,Roham Mehrabi,2025-02-07,21:33:31,-08:00,2025-02-07T21:33:31-08:00,0,50
index.js,101,js,8db2d91c,Roham Mehrabi,2025-02-07,21:33:31,-08:00,2025-02-07T21:33:31-08:00,0,44
index.js,102,js,8db2d91c,Roham Mehrabi,2025-02-07,21:33:31,-08:00,2025-02-07T21:33:31-08:00,0,39
index.js,103,js,d99ef3f9,Roham Mehrabi,2025-02-07,21:09:23,-08:00,2025-02-07T21:09:23-08:00,0,1
index.js,104,js,8db2d91c,Roham Mehrabi,2025-02-07,21:33:31,-08:00,2025-02-07T21:33:31-08:00,0,36
index.js,105,js,d99ef3f9,Roham Mehrabi,2025-02-07,21:09:23,-08:00,2025-02-07T21:09:23-08:00,0,0
index.js,106,js,8db2d91c,Roham Mehrabi,2025-02-07,21:33:31,-08:00,2025-02-07T21:33:31-08:00,0,52
index.js,107,js,8db2d91c,Roham Mehrabi,2025-02-07,21:33:31,-08:00,2025-02-07T21:33:31-08:00,0,16
index.js,108,js,d99ef3f9,Roham Mehrabi,2025-02-07,21:09:23,-08:00,2025-02-07T21:09:23-08:00,0,2
index.js,109,js,d99ef3f9,Roham Mehrabi,2025-02-07,21:09:23,-08:00,2025-02-07T21:09:23-08:00,0,2
index.js,110,js,d99ef3f9,Roham Mehrabi,2025-02-07,21:09:23,-08:00,2025-02-07T21:09:23-08:00,0,0
index.js,111,js,d99ef3f9,Roham Mehrabi,2025-02-07,21:09:23,-08:00,2025-02-07T21:09:23-08:00,0,40
index.js,112,js,8db2d91c,Roham Mehrabi,2025-02-07,21:33:31,-08:00,2025-02-07T21:33:31-08:00,0,27
index.js,113,js,d99ef3f9,Roham Mehrabi,2025-02-07,21:09:23,-08:00,2025-02-07T21:09:23-08:00,0,18
index.js,114,js,d99ef3f9,Roham Mehrabi,2025-02-07,21:09:23,-08:00,2025-02-07T21:09:23-08:00,0,48
index.js,115,js,d99ef3f9,Roham Mehrabi,2025-02-07,21:09:23,-08:00,2025-02-07T21:09:23-08:00,0,69
index.js,116,js,d99ef3f9,Roham Mehrabi,2025-02-07,21:09:23,-08:00,2025-02-07T21:09:23-08:00,0,26
index.js,117,js,8db2d91c,Roham Mehrabi,2025-02-07,21:33:31,-08:00,2025-02-07T21:33:31-08:00,0,52
index.js,118,js,d99ef3f9,Roham Mehrabi,2025-02-07,21:09:23,-08:00,2025-02-07T21:09:23-08:00,0,19
index.js,119,js,8db2d91c,Roham Mehrabi,2025-02-07,21:33:31,-08:00,2025-02-07T21:33:31-08:00,0,44
index.js,120,js,d99ef3f9,Roham Mehrabi,2025-02-07,21:09:23,-08:00,2025-02-07T21:09:23-08:00,0,44
index.js,121,js,8db2d91c,Roham Mehrabi,2025-02-07,21:33:31,-08:00,2025-02-07T21:33:31-08:00,0,0
index.js,122,js,d99ef3f9,Roham Mehrabi,2025-02-07,21:09:23,-08:00,2025-02-07T21:09:23-08:00,0,20
index.js,123,js,d99ef3f9,Roham Mehrabi,2025-02-07,21:09:23,-08:00,2025-02-07T21:09:23-08:00,0,67
index.js,124,js,d99ef3f9,Roham Mehrabi,2025-02-07,21:09:23,-08:00,2025-02-07T21:09:23-08:00,0,21
index.js,125,js,d99ef3f9,Roham Mehrabi,2025-02-07,21:09:23,-08:00,2025-02-07T21:09:23-08:00,0,67
index.js,126,js,8db2d91c,Roham Mehrabi,2025-02-07,21:33:31,-08:00,2025-02-07T21:33:31-08:00,0,0
index.js,127,js,d99ef3f9,Roham Mehrabi,2025-02-07,21:09:23,-08:00,2025-02-07T21:09:23-08:00,0,26
index.js,128,js,d99ef3f9,Roham Mehrabi,2025-02-07,21:09:23,-08:00,2025-02-07T21:09:23-08:00,0,32
index.js,129,js,d99ef3f9,Roham Mehrabi,2025-02-07,21:09:23,-08:00,2025-02-07T21:09:23-08:00,0,7
index.js,130,js,8db2d91c,Roham Mehrabi,2025-02-07,21:33:31,-08:00,2025-02-07T21:33:31-08:00,0,50
index.js,131,js,8db2d91c,Roham Mehrabi,2025-02-07,21:33:31,-08:00,2025-02-07T21:33:31-08:00,0,44
index.js,132,js,8db2d91c,Roham Mehrabi,2025-02-07,21:33:31,-08:00,2025-02-07T21:33:31-08:00,0,39
index.js,133,js,d99ef3f9,Roham Mehrabi,2025-02-07,21:09:23,-08:00,2025-02-07T21:09:23-08:00,0,1
index.js,134,js,8db2d91c,Roham Mehrabi,2025-02-07,21:33:31,-08:00,2025-02-07T21:33:31-08:00,0,36
index.js,135,js,d99ef3f9,Roham Mehrabi,2025-02-07,21:09:23,-08:00,2025-02-07T21:09:23-08:00,0,0
index.js,136,js,8db2d91c,Roham Mehrabi,2025-02-07,21:33:31,-08:00,2025-02-07T21:33:31-08:00,0,52
index.js,137,js,8db2d91c,Roham Mehrabi,2025-02-07,21:33:31,-08:00,2025-02-07T21:33:31-08:00,0,16
index.js,138,js,d99ef3f9,Roham Mehrabi,2025-02-07,21:09:23,-08:00,2025-02-07T21:09:23-08:00,0,2
index.js,139,js,d99ef3f9,Roham Mehrabi,2025-02-07,21:09:23,-08:00,2025-02-07T21:09:23-08:00,0,2
index.js,140,js,d99ef3f9,Roham Mehrabi,2025-02-07,21:09:23,-08:00,2025-02-07T21:09:23-08:00,0,0
index.js,141,js,d99ef3f9,Roham Mehrabi,2025-02-07,21:09:23,-08:00,2025-02-07T21:09:23-08:00,0,0
index.js,142,js,8db2d91c,Roham Mehrabi,2025-02-07,21:33:31,-08:00,2025-02-07T21:33:31-08:00,0,62
index.js,143,js,d99ef3f9,Roham Mehrabi,2025-02-07,21:09:23,-08:00,2025-02-07T21:09:23-08:00,0,32
index.js,144,js,8db2d91c,Roham Mehrabi,2025-02-07,21:33:31,-08:00,2025-02-07T21:33:31-08:00,0,16
index.js,145,js,d99ef3f9,Roham Mehrabi,2025-02-07,21:09:23,-08:00,2025-02-07T21:09:23-08:00,0,0
index.js,146,js,d99ef3f9,Roham Mehrabi,2025-02-07,21:09:23,-08:00,2025-02-07T21:09:23-08:00,0,49
index.js,147,js,8db2d91c,Roham Mehrabi,2025-02-07,21:33:31,-08:00,2025-02-07T21:33:31-08:00,0,64
index.js,148,js,8db2d91c,Roham Mehrabi,2025-02-07,21:33:31,-08:00,2025-02-07T21:33:31-08:00,0,99
index.js,149,js,d99ef3f9,Roham Mehrabi,2025-02-07,21:09:23,-08:00,2025-02-07T21:09:23-08:00,0,49
index.js,150,js,8db2d91c,Roham Mehrabi,2025-02-07,21:33:31,-08:00,2025-02-07T21:33:31-08:00,0,47
index.js,151,js,8db2d91c,Roham Mehrabi,2025-02-07,21:33:31,-08:00,2025-02-07T21:33:31-08:00,0,0
index.js,152,js,8db2d91c,Roham Mehrabi,2025-02-07,21:33:31,-08:00,2025-02-07T21:33:31-08:00,0,44
index.js,153,js,d99ef3f9,Roham Mehrabi,2025-02-07,21:09:23,-08:00,2025-02-07T21:09:23-08:00,0,18
index.js,154,js,8db2d91c,Roham Mehrabi,2025-02-07,21:33:31,-08:00,2025-02-07T21:33:31-08:00,0,0
index.js,155,js,8db2d91c,Roham Mehrabi,2025-02-07,21:33:31,-08:00,2025-02-07T21:33:31-08:00,0,39
index.js,156,js,8db2d91c,Roham Mehrabi,2025-02-07,21:33:31,-08:00,2025-02-07T21:33:31-08:00,0,54
index.js,157,js,8db2d91c,Roham Mehrabi,2025-02-07,21:33:31,-08:00,2025-02-07T21:33:31-08:00,0,62
index.js,158,js,8db2d91c,Roham Mehrabi,2025-02-07,21:33:31,-08:00,2025-02-07T21:33:31-08:00,0,36
index.js,159,js,d99ef3f9,Roham Mehrabi,2025-02-07,21:09:23,-08:00,2025-02-07T21:09:23-08:00,0,2
index.js,160,js,8db2d91c,Roham Mehrabi,2025-02-07,21:33:31,-08:00,2025-02-07T21:33:31-08:00,0,0
index.js,161,js,8db2d91c,Roham Mehrabi,2025-02-07,21:33:31,-08:00,2025-02-07T21:33:31-08:00,0,57
index.js,162,js,d99ef3f9,Roham Mehrabi,2025-02-07,21:09:23,-08:00,2025-02-07T21:09:23-08:00,0,36
index.js,163,js,8db2d91c,Roham Mehrabi,2025-02-07,21:33:31,-08:00,2025-02-07T21:33:31-08:00,0,0
index.js,164,js,8db2d91c,Roham Mehrabi,2025-02-07,21:33:31,-08:00,2025-02-07T21:33:31-08:00,0,55
index.js,165,js,8db2d91c,Roham Mehrabi,2025-02-07,21:33:31,-08:00,2025-02-07T21:33:31-08:00,0,69
index.js,166,js,d99ef3f9,Roham Mehrabi,2025-02-07,21:09:23,-08:00,2025-02-07T21:09:23-08:00,0,2
index.js,167,js,d99ef3f9,Roham Mehrabi,2025-02-07,21:09:23,-08:00,2025-02-07T21:09:23-08:00,0,0
index.js,168,js,d99ef3f9,Roham Mehrabi,2025-02-07,21:09:23,-08:00,2025-02-07T21:09:23-08:00,0,45
index.js,169,js,ad69f1c2,Roham Mehrabi,2025-01-31,23:51:40,-08:00,2025-01-31T23:51:40-08:00,0,61
index.js,170,js,ad69f1c2,Roham Mehrabi,2025-01-31,23:51:40,-08:00,2025-01-31T23:51:40-08:00,0,18
index.js,171,js,ad69f1c2,Roham Mehrabi,2025-01-31,23:51:40,-08:00,2025-01-31T23:51:40-08:00,0,4
index.js,172,js,ad69f1c2,Roham Mehrabi,2025-01-31,23:51:40,-08:00,2025-01-31T23:51:40-08:00,0,49
index.js,173,js,ad69f1c2,Roham Mehrabi,2025-01-31,23:51:40,-08:00,2025-01-31T23:51:40-08:00,0,25
index.js,174,js,ad69f1c2,Roham Mehrabi,2025-01-31,23:51:40,-08:00,2025-01-31T23:51:40-08:00,0,3
index.js,175,js,ad69f1c2,Roham Mehrabi,2025-01-31,23:51:40,-08:00,2025-01-31T23:51:40-08:00,0,56
index.js,176,js,ad69f1c2,Roham Mehrabi,2025-01-31,23:51:40,-08:00,2025-01-31T23:51:40-08:00,0,56
index.js,177,js,ad69f1c2,Roham Mehrabi,2025-01-31,23:51:40,-08:00,2025-01-31T23:51:40-08:00,0,50
index.js,178,js,ad69f1c2,Roham Mehrabi,2025-01-31,23:51:40,-08:00,2025-01-31T23:51:40-08:00,0,50
index.js,179,js,ad69f1c2,Roham Mehrabi,2025-01-31,23:51:40,-08:00,2025-01-31T23:51:40-08:00,0,4
index.js,180,js,ad69f1c2,Roham Mehrabi,2025-01-31,23:51:40,-08:00,2025-01-31T23:51:40-08:00,0,1
index.js,181,js,ad69f1c2,Roham Mehrabi,2025-01-31,23:51:40,-08:00,2025-01-31T23:51:40-08:00,0,16
index.js,182,js,ad69f1c2,Roham Mehrabi,2025-01-31,23:51:40,-08:00,2025-01-31T23:51:40-08:00,0,51
index.js,183,js,ad69f1c2,Roham Mehrabi,2025-01-31,23:51:40,-08:00,2025-01-31T23:51:40-08:00,0,0
index.js,184,js,ad69f1c2,Roham Mehrabi,2025-01-31,23:51:40,-08:00,2025-01-31T23:51:40-08:00,0,0
index.js,185,js,ad69f1c2,Roham Mehrabi,2025-01-31,23:51:40,-08:00,2025-01-31T23:51:40-08:00,0,2
index.html,1,html,9160cc6,Roham Mehrabi,2025-01-10,21:25:34,-08:00,2025-01-10T21:25:34-08:00,0,14
index.html,2,html,c96e8a0b,Roham Mehrabi,2025-01-24,20:37:10,-08:00,2025-01-24T20:37:10-08:00,0,28
index.html,3,html,9160cc6,Roham Mehrabi,2025-01-10,21:25:34,-08:00,2025-01-10T21:25:34-08:00,0,5
index.html,4,html,9160cc6,Roham Mehrabi,2025-01-10,21:25:34,-08:00,2025-01-10T21:25:34-08:00,0,21
index.html,5,html,9160cc6,Roham Mehrabi,2025-01-10,21:25:34,-08:00,2025-01-10T21:25:34-08:00,0,69
index.html,6,html,9160cc6,Roham Mehrabi,2025-01-10,21:25:34,-08:00,2025-01-10T21:25:34-08:00,0,56
index.html,7,html,40f6d955,Roham Mehrabi,2025-01-18,20:42:19,-08:00,2025-01-18T20:42:19-08:00,0,39
index.html,8,html,ad69f1c2,Roham Mehrabi,2025-01-31,23:51:40,-08:00,2025-01-31T23:51:40-08:00,0,0
index.html,9,html,9160cc6,Roham Mehrabi,2025-01-10,21:25:34,-08:00,2025-01-10T21:25:34-08:00,0,6
index.html,10,html,9160cc6,Roham Mehrabi,2025-01-10,21:25:34,-08:00,2025-01-10T21:25:34-08:00,0,5
index.html,11,html,994cd411,Roham Mehrabi,2025-01-10,21:58:29,-08:00,2025-01-10T21:58:29-08:00,0,0
index.html,12,html,00000000,Not Committed Yet,2025-02-09,14:04:27,-08:00,2025-02-09T14:04:27-08:00,0,0
index.html,13,html,00000000,Not Committed Yet,2025-02-09,14:04:27,-08:00,2025-02-09T14:04:27-08:00,0,0
index.html,14,html,00000000,Not Committed Yet,2025-02-09,14:04:27,-08:00,2025-02-09T14:04:27-08:00,0,0
index.html,15,html,ad69f1c2,Roham Mehrabi,2025-01-31,23:51:40,-08:00,2025-01-31T23:51:40-08:00,0,48
index.html,16,html,ad69f1c2,Roham Mehrabi,2025-01-31,23:51:40,-08:00,2025-01-31T23:51:40-08:00,0,59
index.html,17,html,ad69f1c2,Roham Mehrabi,2025-01-31,23:51:40,-08:00,2025-01-31T23:51:40-08:00,0,51
index.html,18,html,994cd411,Roham Mehrabi,2025-01-10,21:58:29,-08:00,2025-01-10T21:58:29-08:00,0,0
index.html,19,html,40f6d955,Roham Mehrabi,2025-01-18,20:42:19,-08:00,2025-01-18T20:42:19-08:00,0,0
index.html,20,html,40f6d955,Roham Mehrabi,2025-01-18,20:42:19,-08:00,2025-01-18T20:42:19-08:00,0,21
index.html,21,html,40f6d955,Roham Mehrabi,2025-01-18,20:42:19,-08:00,2025-01-18T20:42:19-08:00,0,48
index.html,22,html,40f6d955,Roham Mehrabi,2025-01-18,20:42:19,-08:00,2025-01-18T20:42:19-08:00,0,85
index.html,23,html,ad69f1c2,Roham Mehrabi,2025-01-31,23:51:40,-08:00,2025-01-31T23:51:40-08:00,0,0
index.html,24,html,ad69f1c2,Roham Mehrabi,2025-01-31,23:51:40,-08:00,2025-01-31T23:51:40-08:00,0,0
index.html,25,html,ad69f1c2,Roham Mehrabi,2025-01-31,23:51:40,-08:00,2025-01-31T23:51:40-08:00,0,0
index.html,26,html,ad69f1c2,Roham Mehrabi,2025-01-31,23:51:40,-08:00,2025-01-31T23:51:40-08:00,0,23
index.html,27,html,ad69f1c2,Roham Mehrabi,2025-01-31,23:51:40,-08:00,2025-01-31T23:51:40-08:00,0,21
index.html,28,html,ad69f1c2,Roham Mehrabi,2025-01-31,23:51:40,-08:00,2025-01-31T23:51:40-08:00,0,50
index.html,29,html,ad69f1c2,Roham Mehrabi,2025-01-31,23:51:40,-08:00,2025-01-31T23:51:40-08:00,0,5
index.html,30,html,ad69f1c2,Roham Mehrabi,2025-01-31,23:51:40,-08:00,2025-01-31T23:51:40-08:00,0,0
index.html,31,html,ad69f1c2,Roham Mehrabi,2025-01-31,23:51:40,-08:00,2025-01-31T23:51:40-08:00,0,28
index.html,32,html,ad69f1c2,Roham Mehrabi,2025-01-31,23:51:40,-08:00,2025-01-31T23:51:40-08:00,0,23
index.html,33,html,ad69f1c2,Roham Mehrabi,2025-01-31,23:51:40,-08:00,2025-01-31T23:51:40-08:00,0,42
index.html,34,html,ad69f1c2,Roham Mehrabi,2025-01-31,23:51:40,-08:00,2025-01-31T23:51:40-08:00,0,5
index.html,35,html,ad69f1c2,Roham Mehrabi,2025-01-31,23:51:40,-08:00,2025-01-31T23:51:40-08:00,0,0
index.html,36,html,ad69f1c2,Roham Mehrabi,2025-01-31,23:51:40,-08:00,2025-01-31T23:51:40-08:00,0,0
index.html,37,html,ad69f1c2,Roham Mehrabi,2025-01-31,23:51:40,-08:00,2025-01-31T23:51:40-08:00,0,0
index.html,38,html,40f6d955,Roham Mehrabi,2025-01-18,20:42:19,-08:00,2025-01-18T20:42:19-08:00,0,0
index.html,39,html,9160cc6,Roham Mehrabi,2025-01-10,21:25:34,-08:00,2025-01-10T21:25:34-08:00,0,6
index.html,40,html,ad69f1c2,Roham Mehrabi,2025-01-31,23:51:40,-08:00,2025-01-31T23:51:40-08:00,0,6
index.html,41,html,ad69f1c2,Roham Mehrabi,2025-01-31,23:51:40,-08:00,2025-01-31T23:51:40-08:00,0,0
index.html,42,html,ad69f1c2,Roham Mehrabi,2025-01-31,23:51:40,-08:00,2025-01-31T23:51:40-08:00,0,0
index.html,43,html,ad69f1c2,Roham Mehrabi,2025-01-31,23:51:40,-08:00,2025-01-31T23:51:40-08:00,0,0
index.html,44,html,ad69f1c2,Roham Mehrabi,2025-01-31,23:51:40,-08:00,2025-01-31T23:51:40-08:00,0,0
index.html,45,html,ad69f1c2,Roham Mehrabi,2025-01-31,23:51:40,-08:00,2025-01-31T23:51:40-08:00,0,0
index.html,46,html,ad69f1c2,Roham Mehrabi,2025-01-31,23:51:40,-08:00,2025-01-31T23:51:40-08:00,0,0
index.html,47,html,ad69f1c2,Roham Mehrabi,2025-01-31,23:51:40,-08:00,2025-01-31T23:51:40-08:00,0,0
index.html,48,html,ad69f1c2,Roham Mehrabi,2025-01-31,23:51:40,-08:00,2025-01-31T23:51:40-08:00,0,0
index.html,49,html,ad69f1c2,Roham Mehrabi,2025-01-31,23:51:40,-08:00,2025-01-31T23:51:40-08:00,0,0
index.html,50,html,ad69f1c2,Roham Mehrabi,2025-01-31,23:51:40,-08:00,2025-01-31T23:51:40-08:00,0,0
index.html,51,html,ad69f1c2,Roham Mehrabi,2025-01-31,23:51:40,-08:00,2025-01-31T23:51:40-08:00,0,0
global.js,1,js,c96e8a0b,Roham Mehrabi,2025-01-24,20:37:10,-08:00,2025-01-24T20:37:10-08:00,0,26
global.js,2,js,c96e8a0b,Roham Mehrabi,2025-01-24,20:37:10,-08:00,2025-01-24T20:37:10-08:00,0,0
global.js,3,js,c96e8a0b,Roham Mehrabi,2025-01-24,20:37:10,-08:00,2025-01-24T20:37:10-08:00,0,42
global.js,4,js,c96e8a0b,Roham Mehrabi,2025-01-24,20:37:10,-08:00,2025-01-24T20:37:10-08:00,0,53
global.js,5,js,c96e8a0b,Roham Mehrabi,2025-01-24,20:37:10,-08:00,2025-01-24T20:37:10-08:00,0,0
global.js,6,js,c96e8a0b,Roham Mehrabi,2025-01-24,20:37:10,-08:00,2025-01-24T20:37:10-08:00,0,0
global.js,7,js,c96e8a0b,Roham Mehrabi,2025-01-24,20:37:10,-08:00,2025-01-24T20:37:10-08:00,0,26
global.js,8,js,c96e8a0b,Roham Mehrabi,2025-01-24,20:37:10,-08:00,2025-01-24T20:37:10-08:00,0,0
global.js,9,js,c96e8a0b,Roham Mehrabi,2025-01-24,20:37:10,-08:00,2025-01-24T20:37:10-08:00,0,31
global.js,10,js,c96e8a0b,Roham Mehrabi,2025-01-24,20:37:10,-08:00,2025-01-24T20:37:10-08:00,0,66
global.js,11,js,c96e8a0b,Roham Mehrabi,2025-01-24,20:37:10,-08:00,2025-01-24T20:37:10-08:00,0,1
global.js,12,js,c96e8a0b,Roham Mehrabi,2025-01-24,20:37:10,-08:00,2025-01-24T20:37:10-08:00,0,0
global.js,13,js,c96e8a0b,Roham Mehrabi,2025-01-24,20:37:10,-08:00,2025-01-24T20:37:10-08:00,0,37
global.js,14,js,c96e8a0b,Roham Mehrabi,2025-01-24,20:37:10,-08:00,2025-01-24T20:37:10-08:00,0,0
global.js,15,js,c96e8a0b,Roham Mehrabi,2025-01-24,20:37:10,-08:00,2025-01-24T20:37:10-08:00,0,0
global.js,16,js,c96e8a0b,Roham Mehrabi,2025-01-24,20:37:10,-08:00,2025-01-24T20:37:10-08:00,0,0
global.js,17,js,c96e8a0b,Roham Mehrabi,2025-01-24,20:37:10,-08:00,2025-01-24T20:37:10-08:00,0,12
global.js,18,js,00000000,Not Committed Yet,2025-02-09,14:04:27,-08:00,2025-02-09T14:04:27-08:00,0,26
global.js,19,js,00000000,Not Committed Yet,2025-02-09,14:04:27,-08:00,2025-02-09T14:04:27-08:00,0,39
global.js,20,js,00000000,Not Committed Yet,2025-02-09,14:04:27,-08:00,2025-02-09T14:04:27-08:00,0,31
global.js,21,js,00000000,Not Committed Yet,2025-02-09,14:04:27,-08:00,2025-02-09T14:04:27-08:00,0,37
global.js,22,js,00000000,Not Committed Yet,2025-02-09,14:04:27,-08:00,2025-02-09T14:04:27-08:00,0,27
global.js,23,js,00000000,Not Committed Yet,2025-02-09,14:04:27,-08:00,2025-02-09T14:04:27-08:00,0,51
global.js,24,js,00000000,Not Committed Yet,2025-02-09,14:04:27,-08:00,2025-02-09T14:04:27-08:00,0,1
global.js,25,js,c96e8a0b,Roham Mehrabi,2025-01-24,20:37:10,-08:00,2025-01-24T20:37:10-08:00,0,0
global.js,26,js,c96e8a0b,Roham Mehrabi,2025-01-24,20:37:10,-08:00,2025-01-24T20:37:10-08:00,0,0
global.js,27,js,c96e8a0b,Roham Mehrabi,2025-01-24,20:37:10,-08:00,2025-01-24T20:37:10-08:00,0,0
global.js,28,js,c96e8a0b,Roham Mehrabi,2025-01-24,20:37:10,-08:00,2025-01-24T20:37:10-08:00,0,0
global.js,29,js,c96e8a0b,Roham Mehrabi,2025-01-24,20:37:10,-08:00,2025-01-24T20:37:10-08:00,0,39
global.js,30,js,c96e8a0b,Roham Mehrabi,2025-01-24,20:37:10,-08:00,2025-01-24T20:37:10-08:00,0,26
global.js,31,js,c96e8a0b,Roham Mehrabi,2025-01-24,20:37:10,-08:00,2025-01-24T20:37:10-08:00,0,0
global.js,32,js,c96e8a0b,Roham Mehrabi,2025-01-24,20:37:10,-08:00,2025-01-24T20:37:10-08:00,0,71
global.js,33,js,c96e8a0b,Roham Mehrabi,2025-01-24,20:37:10,-08:00,2025-01-24T20:37:10-08:00,0,0
global.js,34,js,c96e8a0b,Roham Mehrabi,2025-01-24,20:37:10,-08:00,2025-01-24T20:37:10-08:00,0,21
global.js,35,js,c96e8a0b,Roham Mehrabi,2025-01-24,20:37:10,-08:00,2025-01-24T20:37:10-08:00,0,15
global.js,36,js,c96e8a0b,Roham Mehrabi,2025-01-24,20:37:10,-08:00,2025-01-24T20:37:10-08:00,0,19
global.js,37,js,c96e8a0b,Roham Mehrabi,2025-01-24,20:37:10,-08:00,2025-01-24T20:37:10-08:00,0,0
global.js,38,js,c96e8a0b,Roham Mehrabi,2025-01-24,20:37:10,-08:00,2025-01-24T20:37:10-08:00,0,31
global.js,39,js,c96e8a0b,Roham Mehrabi,2025-01-24,20:37:10,-08:00,2025-01-24T20:37:10-08:00,0,65
global.js,40,js,c96e8a0b,Roham Mehrabi,2025-01-24,20:37:10,-08:00,2025-01-24T20:37:10-08:00,0,0
global.js,41,js,c96e8a0b,Roham Mehrabi,2025-01-24,20:37:10,-08:00,2025-01-24T20:37:10-08:00,0,21
global.js,42,js,c96e8a0b,Roham Mehrabi,2025-01-24,20:37:10,-08:00,2025-01-24T20:37:10-08:00,0,35
global.js,43,js,c96e8a0b,Roham Mehrabi,2025-01-24,20:37:10,-08:00,2025-01-24T20:37:10-08:00,0,12
global.js,44,js,c96e8a0b,Roham Mehrabi,2025-01-24,20:37:10,-08:00,2025-01-24T20:37:10-08:00,0,21
global.js,45,js,c96e8a0b,Roham Mehrabi,2025-01-24,20:37:10,-08:00,2025-01-24T20:37:10-08:00,0,0
global.js,46,js,c96e8a0b,Roham Mehrabi,2025-01-24,20:37:10,-08:00,2025-01-24T20:37:10-08:00,0,24
global.js,47,js,c96e8a0b,Roham Mehrabi,2025-01-24,20:37:10,-08:00,2025-01-24T20:37:10-08:00,0,18
global.js,48,js,c96e8a0b,Roham Mehrabi,2025-01-24,20:37:10,-08:00,2025-01-24T20:37:10-08:00,0,9
global.js,49,js,c96e8a0b,Roham Mehrabi,2025-01-24,20:37:10,-08:00,2025-01-24T20:37:10-08:00,0,59
global.js,50,js,c96e8a0b,Roham Mehrabi,2025-01-24,20:37:10,-08:00,2025-01-24T20:37:10-08:00,0,1
global.js,51,js,c96e8a0b,Roham Mehrabi,2025-01-24,20:37:10,-08:00,2025-01-24T20:37:10-08:00,0,0
global.js,52,js,c96e8a0b,Roham Mehrabi,2025-01-24,20:37:10,-08:00,2025-01-24T20:37:10-08:00,0,34
global.js,53,js,c96e8a0b,Roham Mehrabi,2025-01-24,20:37:10,-08:00,2025-01-24T20:37:10-08:00,0,53
global.js,54,js,c96e8a0b,Roham Mehrabi,2025-01-24,20:37:10,-08:00,2025-01-24T20:37:10-08:00,0,0
global.js,55,js,c96e8a0b,Roham Mehrabi,2025-01-24,20:37:10,-08:00,2025-01-24T20:37:10-08:00,0,20
global.js,56,js,c96e8a0b,Roham Mehrabi,2025-01-24,20:37:10,-08:00,2025-01-24T20:37:10-08:00,0,13
global.js,57,js,c96e8a0b,Roham Mehrabi,2025-01-24,20:37:10,-08:00,2025-01-24T20:37:10-08:00,0,0
global.js,58,js,c96e8a0b,Roham Mehrabi,2025-01-24,20:37:10,-08:00,2025-01-24T20:37:10-08:00,0,0
global.js,59,js,c96e8a0b,Roham Mehrabi,2025-01-24,20:37:10,-08:00,2025-01-24T20:37:10-08:00,0,0
global.js,60,js,c96e8a0b,Roham Mehrabi,2025-01-24,20:37:10,-08:00,2025-01-24T20:37:10-08:00,0,32
global.js,61,js,c96e8a0b,Roham Mehrabi,2025-01-24,20:37:10,-08:00,2025-01-24T20:37:10-08:00,0,32
global.js,62,js,c96e8a0b,Roham Mehrabi,2025-01-24,20:37:10,-08:00,2025-01-24T20:37:10-08:00,0,12
global.js,63,js,c96e8a0b,Roham Mehrabi,2025-01-24,20:37:10,-08:00,2025-01-24T20:37:10-08:00,0,0
global.js,64,js,c96e8a0b,Roham Mehrabi,2025-01-24,20:37:10,-08:00,2025-01-24T20:37:10-08:00,0,27
global.js,65,js,c96e8a0b,Roham Mehrabi,2025-01-24,20:37:10,-08:00,2025-01-24T20:37:10-08:00,0,5
global.js,66,js,c96e8a0b,Roham Mehrabi,2025-01-24,20:37:10,-08:00,2025-01-24T20:37:10-08:00,0,25
global.js,67,js,c96e8a0b,Roham Mehrabi,2025-01-24,20:37:10,-08:00,2025-01-24T20:37:10-08:00,0,44
global.js,68,js,c96e8a0b,Roham Mehrabi,2025-01-24,20:37:10,-08:00,2025-01-24T20:37:10-08:00,0,35
global.js,69,js,c96e8a0b,Roham Mehrabi,2025-01-24,20:37:10,-08:00,2025-01-24T20:37:10-08:00,0,33
global.js,70,js,c96e8a0b,Roham Mehrabi,2025-01-24,20:37:10,-08:00,2025-01-24T20:37:10-08:00,0,8
global.js,71,js,c96e8a0b,Roham Mehrabi,2025-01-24,20:37:10,-08:00,2025-01-24T20:37:10-08:00,0,7
global.js,72,js,c96e8a0b,Roham Mehrabi,2025-01-24,20:37:10,-08:00,2025-01-24T20:37:10-08:00,0,0
global.js,73,js,c96e8a0b,Roham Mehrabi,2025-01-24,20:37:10,-08:00,2025-01-24T20:37:10-08:00,0,1
global.js,74,js,c96e8a0b,Roham Mehrabi,2025-01-24,20:37:10,-08:00,2025-01-24T20:37:10-08:00,0,0
global.js,75,js,c96e8a0b,Roham Mehrabi,2025-01-24,20:37:10,-08:00,2025-01-24T20:37:10-08:00,0,59
global.js,76,js,c96e8a0b,Roham Mehrabi,2025-01-24,20:37:10,-08:00,2025-01-24T20:37:10-08:00,0,0
global.js,77,js,c96e8a0b,Roham Mehrabi,2025-01-24,20:37:10,-08:00,2025-01-24T20:37:10-08:00,0,34
global.js,78,js,c96e8a0b,Roham Mehrabi,2025-01-24,20:37:10,-08:00,2025-01-24T20:37:10-08:00,0,37
global.js,79,js,c96e8a0b,Roham Mehrabi,2025-01-24,20:37:10,-08:00,2025-01-24T20:37:10-08:00,0,71
global.js,80,js,c96e8a0b,Roham Mehrabi,2025-01-24,20:37:10,-08:00,2025-01-24T20:37:10-08:00,0,31
global.js,81,js,c96e8a0b,Roham Mehrabi,2025-01-24,20:37:10,-08:00,2025-01-24T20:37:10-08:00,0,0
global.js,82,js,c96e8a0b,Roham Mehrabi,2025-01-24,20:37:10,-08:00,2025-01-24T20:37:10-08:00,0,0
global.js,83,js,c96e8a0b,Roham Mehrabi,2025-01-24,20:37:10,-08:00,2025-01-24T20:37:10-08:00,0,23
global.js,84,js,c96e8a0b,Roham Mehrabi,2025-01-24,20:37:10,-08:00,2025-01-24T20:37:10-08:00,0,35
global.js,85,js,c96e8a0b,Roham Mehrabi,2025-01-24,20:37:10,-08:00,2025-01-24T20:37:10-08:00,0,40
global.js,86,js,c96e8a0b,Roham Mehrabi,2025-01-24,20:37:10,-08:00,2025-01-24T20:37:10-08:00,0,0
global.js,87,js,c96e8a0b,Roham Mehrabi,2025-01-24,20:37:10,-08:00,2025-01-24T20:37:10-08:00,0,0
global.js,88,js,c96e8a0b,Roham Mehrabi,2025-01-24,20:37:10,-08:00,2025-01-24T20:37:10-08:00,0,47
global.js,89,js,c96e8a0b,Roham Mehrabi,2025-01-24,20:37:10,-08:00,2025-01-24T20:37:10-08:00,0,50
global.js,90,js,c96e8a0b,Roham Mehrabi,2025-01-24,20:37:10,-08:00,2025-01-24T20:37:10-08:00,0,41
global.js,91,js,c96e8a0b,Roham Mehrabi,2025-01-24,20:37:10,-08:00,2025-01-24T20:37:10-08:00,0,30
global.js,92,js,c96e8a0b,Roham Mehrabi,2025-01-24,20:37:10,-08:00,2025-01-24T20:37:10-08:00,0,41
global.js,93,js,c96e8a0b,Roham Mehrabi,2025-01-24,20:37:10,-08:00,2025-01-24T20:37:10-08:00,0,2
global.js,94,js,c96e8a0b,Roham Mehrabi,2025-01-24,20:37:10,-08:00,2025-01-24T20:37:10-08:00,0,0
global.js,95,js,c96e8a0b,Roham Mehrabi,2025-01-24,20:37:10,-08:00,2025-01-24T20:37:10-08:00,0,36
global.js,96,js,c96e8a0b,Roham Mehrabi,2025-01-24,20:37:10,-08:00,2025-01-24T20:37:10-08:00,0,76
global.js,97,js,c96e8a0b,Roham Mehrabi,2025-01-24,20:37:10,-08:00,2025-01-24T20:37:10-08:00,0,79
global.js,98,js,ad69f1c2,Roham Mehrabi,2025-01-31,23:51:40,-08:00,2025-01-31T23:51:40-08:00,0,76
global.js,99,js,ad69f1c2,Roham Mehrabi,2025-01-31,23:51:40,-08:00,2025-01-31T23:51:40-08:00,0,0
global.js,100,js,ad69f1c2,Roham Mehrabi,2025-01-31,23:51:40,-08:00,2025-01-31T23:51:40-08:00,0,0
global.js,101,js,ad69f1c2,Roham Mehrabi,2025-01-31,23:51:40,-08:00,2025-01-31T23:51:40-08:00,0,0
global.js,102,js,ad69f1c2,Roham Mehrabi,2025-01-31,23:51:40,-08:00,2025-01-31T23:51:40-08:00,0,0
global.js,103,js,ad69f1c2,Roham Mehrabi,2025-01-31,23:51:40,-08:00,2025-01-31T23:51:40-08:00,0,0
global.js,104,js,ad69f1c2,Roham Mehrabi,2025-01-31,23:51:40,-08:00,2025-01-31T23:51:40-08:00,0,0
global.js,105,js,ad69f1c2,Roham Mehrabi,2025-01-31,23:51:40,-08:00,2025-01-31T23:51:40-08:00,0,0
global.js,106,js,ad69f1c2,Roham Mehrabi,2025-01-31,23:51:40,-08:00,2025-01-31T23:51:40-08:00,0,0
global.js,107,js,ad69f1c2,Roham Mehrabi,2025-01-31,23:51:40,-08:00,2025-01-31T23:51:40-08:00,0,37
global.js,108,js,ad69f1c2,Roham Mehrabi,2025-01-31,23:51:40,-08:00,2025-01-31T23:51:40-08:00,0,4
global.js,109,js,ad69f1c2,Roham Mehrabi,2025-01-31,23:51:40,-08:00,2025-01-31T23:51:40-08:00,0,40
global.js,110,js,ad69f1c2,Roham Mehrabi,2025-01-31,23:51:40,-08:00,2025-01-31T23:51:40-08:00,0,33
global.js,111,js,ad69f1c2,Roham Mehrabi,2025-01-31,23:51:40,-08:00,2025-01-31T23:51:40-08:00,0,0
global.js,112,js,ad69f1c2,Roham Mehrabi,2025-01-31,23:51:40,-08:00,2025-01-31T23:51:40-08:00,0,37
global.js,113,js,ad69f1c2,Roham Mehrabi,2025-01-31,23:51:40,-08:00,2025-01-31T23:51:40-08:00,0,18
global.js,114,js,ad69f1c2,Roham Mehrabi,2025-01-31,23:51:40,-08:00,2025-01-31T23:51:40-08:00,0,67
global.js,115,js,ad69f1c2,Roham Mehrabi,2025-01-31,23:51:40,-08:00,2025-01-31T23:51:40-08:00,0,0
global.js,116,js,ad69f1c2,Roham Mehrabi,2025-01-31,23:51:40,-08:00,2025-01-31T23:51:40-08:00,0,0
global.js,117,js,ad69f1c2,Roham Mehrabi,2025-01-31,23:51:40,-08:00,2025-01-31T23:51:40-08:00,0,21
global.js,118,js,ad69f1c2,Roham Mehrabi,2025-01-31,23:51:40,-08:00,2025-01-31T23:51:40-08:00,0,34
global.js,119,js,ad69f1c2,Roham Mehrabi,2025-01-31,23:51:40,-08:00,2025-01-31T23:51:40-08:00,0,11
global.js,120,js,ad69f1c2,Roham Mehrabi,2025-01-31,23:51:40,-08:00,2025-01-31T23:51:40-08:00,0,0
global.js,121,js,ad69f1c2,Roham Mehrabi,2025-01-31,23:51:40,-08:00,2025-01-31T23:51:40-08:00,0,16
global.js,122,js,ad69f1c2,Roham Mehrabi,2025-01-31,23:51:40,-08:00,2025-01-31T23:51:40-08:00,0,60
global.js,123,js,ad69f1c2,Roham Mehrabi,2025-01-31,23:51:40,-08:00,2025-01-31T23:51:40-08:00,0,0
global.js,124,js,ad69f1c2,Roham Mehrabi,2025-01-31,23:51:40,-08:00,2025-01-31T23:51:40-08:00,0,0
global.js,125,js,ad69f1c2,Roham Mehrabi,2025-01-31,23:51:40,-08:00,2025-01-31T23:51:40-08:00,0,0
global.js,126,js,ad69f1c2,Roham Mehrabi,2025-01-31,23:51:40,-08:00,2025-01-31T23:51:40-08:00,0,0
global.js,127,js,ad69f1c2,Roham Mehrabi,2025-01-31,23:51:40,-08:00,2025-01-31T23:51:40-08:00,0,0
global.js,128,js,ad69f1c2,Roham Mehrabi,2025-01-31,23:51:40,-08:00,2025-01-31T23:51:40-08:00,0,0
global.js,129,js,ad69f1c2,Roham Mehrabi,2025-01-31,23:51:40,-08:00,2025-01-31T23:51:40-08:00,0,0
global.js,130,js,ad69f1c2,Roham Mehrabi,2025-01-31,23:51:40,-08:00,2025-01-31T23:51:40-08:00,0,80
global.js,131,js,ad69f1c2,Roham Mehrabi,2025-01-31,23:51:40,-08:00,2025-01-31T23:51:40-08:00,0,23
global.js,132,js,ad69f1c2,Roham Mehrabi,2025-01-31,23:51:40,-08:00,2025-01-31T23:51:40-08:00,0,42
global.js,133,js,ad69f1c2,Roham Mehrabi,2025-01-31,23:51:40,-08:00,2025-01-31T23:51:40-08:00,0,6
global.js,134,js,ad69f1c2,Roham Mehrabi,2025-01-31,23:51:40,-08:00,2025-01-31T23:51:40-08:00,0,0
global.js,135,js,ad69f1c2,Roham Mehrabi,2025-01-31,23:51:40,-08:00,2025-01-31T23:51:40-08:00,0,0
global.js,136,js,ad69f1c2,Roham Mehrabi,2025-01-31,23:51:40,-08:00,2025-01-31T23:51:40-08:00,0,24
global.js,137,js,ad69f1c2,Roham Mehrabi,2025-01-31,23:51:40,-08:00,2025-01-31T23:51:40-08:00,0,31
global.js,138,js,ad69f1c2,Roham Mehrabi,2025-01-31,23:51:40,-08:00,2025-01-31T23:51:40-08:00,0,0
global.js,139,js,ad69f1c2,Roham Mehrabi,2025-01-31,23:51:40,-08:00,2025-01-31T23:51:40-08:00,0,31
global.js,140,js,ad69f1c2,Roham Mehrabi,2025-01-31,23:51:40,-08:00,2025-01-31T23:51:40-08:00,0,29
global.js,141,js,ad69f1c2,Roham Mehrabi,2025-01-31,23:51:40,-08:00,2025-01-31T23:51:40-08:00,0,28
global.js,142,js,ad69f1c2,Roham Mehrabi,2025-01-31,23:51:40,-08:00,2025-01-31T23:51:40-08:00,0,44
global.js,143,js,ad69f1c2,Roham Mehrabi,2025-01-31,23:51:40,-08:00,2025-01-31T23:51:40-08:00,0,49
global.js,144,js,ad69f1c2,Roham Mehrabi,2025-01-31,23:51:40,-08:00,2025-01-31T23:51:40-08:00,0,0
global.js,145,js,ad69f1c2,Roham Mehrabi,2025-01-31,23:51:40,-08:00,2025-01-31T23:51:40-08:00,0,43
global.js,146,js,ad69f1c2,Roham Mehrabi,2025-01-31,23:51:40,-08:00,2025-01-31T23:51:40-08:00,0,20
global.js,147,js,ad69f1c2,Roham Mehrabi,2025-01-31,23:51:40,-08:00,2025-01-31T23:51:40-08:00,0,50
global.js,148,js,ad69f1c2,Roham Mehrabi,2025-01-31,23:51:40,-08:00,2025-01-31T23:51:40-08:00,0,50
global.js,149,js,75956b5c,Roham Mehrabi,2025-02-07,19:09:30,-08:00,2025-02-07T19:09:30-08:00,0,28
global.js,150,js,75956b5c,Roham Mehrabi,2025-02-07,19:09:30,-08:00,2025-02-07T19:09:30-08:00,0,48
global.js,151,js,75956b5c,Roham Mehrabi,2025-02-07,19:09:30,-08:00,2025-02-07T19:09:30-08:00,0,34
global.js,152,js,75956b5c,Roham Mehrabi,2025-02-07,19:09:30,-08:00,2025-02-07T19:09:30-08:00,0,5
global.js,153,js,ad69f1c2,Roham Mehrabi,2025-01-31,23:51:40,-08:00,2025-01-31T23:51:40-08:00,0,1
global.js,154,js,ad69f1c2,Roham Mehrabi,2025-01-31,23:51:40,-08:00,2025-01-31T23:51:40-08:00,0,0
global.js,155,js,ad69f1c2,Roham Mehrabi,2025-01-31,23:51:40,-08:00,2025-01-31T23:51:40-08:00,0,37
global.js,156,js,ad69f1c2,Roham Mehrabi,2025-01-31,23:51:40,-08:00,2025-01-31T23:51:40-08:00,0,37
global.js,157,js,ad69f1c2,Roham Mehrabi,2025-01-31,23:51:40,-08:00,2025-01-31T23:51:40-08:00,0,2
global.js,158,js,ad69f1c2,Roham Mehrabi,2025-01-31,23:51:40,-08:00,2025-01-31T23:51:40-08:00,0,7
global.js,159,js,ad69f1c2,Roham Mehrabi,2025-01-31,23:51:40,-08:00,2025-01-31T23:51:40-08:00,0,42
global.js,160,js,ad69f1c2,Roham Mehrabi,2025-01-31,23:51:40,-08:00,2025-01-31T23:51:40-08:00,0,0
global.js,161,js,ad69f1c2,Roham Mehrabi,2025-01-31,23:51:40,-08:00,2025-01-31T23:51:40-08:00,0,0
global.js,162,js,ad69f1c2,Roham Mehrabi,2025-01-31,23:51:40,-08:00,2025-01-31T23:51:40-08:00,0,0
global.js,163,js,ad69f1c2,Roham Mehrabi,2025-01-31,23:51:40,-08:00,2025-01-31T23:51:40-08:00,0,0
global.js,164,js,ad69f1c2,Roham Mehrabi,2025-01-31,23:51:40,-08:00,2025-01-31T23:51:40-08:00,0,0
global.js,165,js,ad69f1c2,Roham Mehrabi,2025-01-31,23:51:40,-08:00,2025-01-31T23:51:40-08:00,0,0
global.js,166,js,ad69f1c2,Roham Mehrabi,2025-01-31,23:51:40,-08:00,2025-01-31T23:51:40-08:00,0,0
global.js,167,js,ad69f1c2,Roham Mehrabi,2025-01-31,23:51:40,-08:00,2025-01-31T23:51:40-08:00,0,0
global.js,168,js,ad69f1c2,Roham Mehrabi,2025-01-31,23:51:40,-08:00,2025-01-31T23:51:40-08:00,0,48
global.js,169,js,ad69f1c2,Roham Mehrabi,2025-01-31,23:51:40,-08:00,2025-01-31T23:51:40-08:00,0,60
global.js,170,js,ad69f1c2,Roham Mehrabi,2025-01-31,23:51:40,-08:00,2025-01-31T23:51:40-08:00,0,0
global.js,171,js,ad69f1c2,Roham Mehrabi,2025-01-31,23:51:40,-08:00,2025-01-31T23:51:40-08:00,0,0
global.js,172,js,ad69f1c2,Roham Mehrabi,2025-01-31,23:51:40,-08:00,2025-01-31T23:51:40-08:00,0,56
global.js,173,js,ad69f1c2,Roham Mehrabi,2025-01-31,23:51:40,-08:00,2025-01-31T23:51:40-08:00,0,0
global.js,174,js,ad69f1c2,Roham Mehrabi,2025-01-31,23:51:40,-08:00,2025-01-31T23:51:40-08:00,0,0
global.js,175,js,ad69f1c2,Roham Mehrabi,2025-01-31,23:51:40,-08:00,2025-01-31T23:51:40-08:00,0,52
global.js,176,js,ad69f1c2,Roham Mehrabi,2025-01-31,23:51:40,-08:00,2025-01-31T23:51:40-08:00,0,0
global.js,177,js,ad69f1c2,Roham Mehrabi,2025-01-31,23:51:40,-08:00,2025-01-31T23:51:40-08:00,0,64
global.js,178,js,ad69f1c2,Roham Mehrabi,2025-01-31,23:51:40,-08:00,2025-01-31T23:51:40-08:00,0,0
global.js,179,js,ad69f1c2,Roham Mehrabi,2025-01-31,23:51:40,-08:00,2025-01-31T23:51:40-08:00,0,0
projects/projects.js,1,js,75956b5c,Roham Mehrabi,2025-02-07,19:09:30,-08:00,2025-02-07T19:09:30-08:00,0,64
projects/projects.js,2,js,8db2d91c,Roham Mehrabi,2025-02-07,21:33:31,-08:00,2025-02-07T21:33:31-08:00,0,54
projects/projects.js,3,js,8db2d91c,Roham Mehrabi,2025-02-07,21:33:31,-08:00,2025-02-07T21:33:31-08:00,0,0
projects/projects.js,4,js,8db2d91c,Roham Mehrabi,2025-02-07,21:33:31,-08:00,2025-02-07T21:33:31-08:00,0,80
projects/projects.js,5,js,8db2d91c,Roham Mehrabi,2025-02-07,21:33:31,-08:00,2025-02-07T21:33:31-08:00,0,64
projects/projects.js,6,js,75956b5c,Roham Mehrabi,2025-02-07,19:09:30,-08:00,2025-02-07T19:09:30-08:00,0,0
projects/projects.js,7,js,d99ef3f9,Roham Mehrabi,2025-02-07,21:09:23,-08:00,2025-02-07T21:09:23-08:00,0,58
projects/projects.js,8,js,d99ef3f9,Roham Mehrabi,2025-02-07,21:09:23,-08:00,2025-02-07T21:09:23-08:00,0,62
projects/projects.js,9,js,75956b5c,Roham Mehrabi,2025-02-07,19:09:30,-08:00,2025-02-07T19:09:30-08:00,0,43
projects/projects.js,10,js,75956b5c,Roham Mehrabi,2025-02-07,19:09:30,-08:00,2025-02-07T19:09:30-08:00,0,0
projects/projects.js,11,js,8db2d91c,Roham Mehrabi,2025-02-07,21:33:31,-08:00,2025-02-07T21:33:31-08:00,0,28
projects/projects.js,12,js,d99ef3f9,Roham Mehrabi,2025-02-07,21:09:23,-08:00,2025-02-07T21:09:23-08:00,0,56
projects/projects.js,13,js,8db2d91c,Roham Mehrabi,2025-02-07,21:33:31,-08:00,2025-02-07T21:33:31-08:00,0,68
projects/projects.js,14,js,75956b5c,Roham Mehrabi,2025-02-07,19:09:30,-08:00,2025-02-07T19:09:30-08:00,0,0
projects/projects.js,15,js,8db2d91c,Roham Mehrabi,2025-02-07,21:33:31,-08:00,2025-02-07T21:33:31-08:00,0,59
projects/projects.js,16,js,d99ef3f9,Roham Mehrabi,2025-02-07,21:09:23,-08:00,2025-02-07T21:09:23-08:00,0,29
projects/projects.js,17,js,d99ef3f9,Roham Mehrabi,2025-02-07,21:09:23,-08:00,2025-02-07T21:09:23-08:00,0,8
projects/projects.js,18,js,d99ef3f9,Roham Mehrabi,2025-02-07,21:09:23,-08:00,2025-02-07T21:09:23-08:00,0,15
projects/projects.js,19,js,d99ef3f9,Roham Mehrabi,2025-02-07,21:09:23,-08:00,2025-02-07T21:09:23-08:00,0,12
projects/projects.js,20,js,d99ef3f9,Roham Mehrabi,2025-02-07,21:09:23,-08:00,2025-02-07T21:09:23-08:00,0,1
projects/projects.js,21,js,d99ef3f9,Roham Mehrabi,2025-02-07,21:09:23,-08:00,2025-02-07T21:09:23-08:00,0,0
projects/projects.js,22,js,d99ef3f9,Roham Mehrabi,2025-02-07,21:09:23,-08:00,2025-02-07T21:09:23-08:00,0,79
projects/projects.js,23,js,8db2d91c,Roham Mehrabi,2025-02-07,21:33:31,-08:00,2025-02-07T21:33:31-08:00,0,69
projects/projects.js,24,js,8db2d91c,Roham Mehrabi,2025-02-07,21:33:31,-08:00,2025-02-07T21:33:31-08:00,0,29
projects/projects.js,25,js,d99ef3f9,Roham Mehrabi,2025-02-07,21:09:23,-08:00,2025-02-07T21:09:23-08:00,0,0
projects/projects.js,26,js,8db2d91c,Roham Mehrabi,2025-02-07,21:33:31,-08:00,2025-02-07T21:33:31-08:00,0,29
projects/projects.js,27,js,75956b5c,Roham Mehrabi,2025-02-07,19:09:30,-08:00,2025-02-07T19:09:30-08:00,0,51
projects/projects.js,28,js,75956b5c,Roham Mehrabi,2025-02-07,19:09:30,-08:00,2025-02-07T19:09:30-08:00,0,36
projects/projects.js,29,js,75956b5c,Roham Mehrabi,2025-02-07,19:09:30,-08:00,2025-02-07T19:09:30-08:00,0,0
projects/projects.js,30,js,8db2d91c,Roham Mehrabi,2025-02-07,21:33:31,-08:00,2025-02-07T21:33:31-08:00,0,29
projects/projects.js,31,js,75956b5c,Roham Mehrabi,2025-02-07,19:09:30,-08:00,2025-02-07T19:09:30-08:00,0,28
projects/projects.js,32,js,d99ef3f9,Roham Mehrabi,2025-02-07,21:09:23,-08:00,2025-02-07T21:09:23-08:00,0,14
projects/projects.js,33,js,d99ef3f9,Roham Mehrabi,2025-02-07,21:09:23,-08:00,2025-02-07T21:09:23-08:00,0,16
projects/projects.js,34,js,75956b5c,Roham Mehrabi,2025-02-07,19:09:30,-08:00,2025-02-07T19:09:30-08:00,0,0
projects/projects.js,35,js,8db2d91c,Roham Mehrabi,2025-02-07,21:33:31,-08:00,2025-02-07T21:33:31-08:00,0,26
projects/projects.js,36,js,75956b5c,Roham Mehrabi,2025-02-07,19:09:30,-08:00,2025-02-07T19:09:30-08:00,0,35
projects/projects.js,37,js,d99ef3f9,Roham Mehrabi,2025-02-07,21:09:23,-08:00,2025-02-07T21:09:23-08:00,0,30
projects/projects.js,38,js,d99ef3f9,Roham Mehrabi,2025-02-07,21:09:23,-08:00,2025-02-07T21:09:23-08:00,0,27
projects/projects.js,39,js,75956b5c,Roham Mehrabi,2025-02-07,19:09:30,-08:00,2025-02-07T19:09:30-08:00,0,0
projects/projects.js,40,js,8db2d91c,Roham Mehrabi,2025-02-07,21:33:31,-08:00,2025-02-07T21:33:31-08:00,0,38
projects/projects.js,41,js,75956b5c,Roham Mehrabi,2025-02-07,19:09:30,-08:00,2025-02-07T19:09:30-08:00,0,26
projects/projects.js,42,js,75956b5c,Roham Mehrabi,2025-02-07,19:09:30,-08:00,2025-02-07T19:09:30-08:00,0,17
projects/projects.js,43,js,75956b5c,Roham Mehrabi,2025-02-07,19:09:30,-08:00,2025-02-07T19:09:30-08:00,0,26
projects/projects.js,44,js,75956b5c,Roham Mehrabi,2025-02-07,19:09:30,-08:00,2025-02-07T19:09:30-08:00,0,39
projects/projects.js,45,js,8db2d91c,Roham Mehrabi,2025-02-07,21:33:31,-08:00,2025-02-07T21:33:31-08:00,0,22
projects/projects.js,46,js,8db2d91c,Roham Mehrabi,2025-02-07,21:33:31,-08:00,2025-02-07T21:33:31-08:00,0,25
projects/projects.js,47,js,8db2d91c,Roham Mehrabi,2025-02-07,21:33:31,-08:00,2025-02-07T21:33:31-08:00,0,19
projects/projects.js,48,js,8db2d91c,Roham Mehrabi,2025-02-07,21:33:31,-08:00,2025-02-07T21:33:31-08:00,0,33
projects/projects.js,49,js,8db2d91c,Roham Mehrabi,2025-02-07,21:33:31,-08:00,2025-02-07T21:33:31-08:00,0,58
projects/projects.js,50,js,8db2d91c,Roham Mehrabi,2025-02-07,21:33:31,-08:00,2025-02-07T21:33:31-08:00,0,37
projects/projects.js,51,js,8db2d91c,Roham Mehrabi,2025-02-07,21:33:31,-08:00,2025-02-07T21:33:31-08:00,0,14
projects/projects.js,52,js,8db2d91c,Roham Mehrabi,2025-02-07,21:33:31,-08:00,2025-02-07T21:33:31-08:00,0,2
projects/projects.js,53,js,75956b5c,Roham Mehrabi,2025-02-07,19:09:30,-08:00,2025-02-07T19:09:30-08:00,0,2
projects/projects.js,54,js,75956b5c,Roham Mehrabi,2025-02-07,19:09:30,-08:00,2025-02-07T19:09:30-08:00,0,0
projects/projects.js,55,js,8db2d91c,Roham Mehrabi,2025-02-07,21:33:31,-08:00,2025-02-07T21:33:31-08:00,0,58
projects/projects.js,56,js,75956b5c,Roham Mehrabi,2025-02-07,19:09:30,-08:00,2025-02-07T19:09:30-08:00,0,35
projects/projects.js,57,js,75956b5c,Roham Mehrabi,2025-02-07,19:09:30,-08:00,2025-02-07T19:09:30-08:00,0,20
projects/projects.js,58,js,8db2d91c,Roham Mehrabi,2025-02-07,21:33:31,-08:00,2025-02-07T21:33:31-08:00,0,18
projects/projects.js,59,js,8db2d91c,Roham Mehrabi,2025-02-07,21:33:31,-08:00,2025-02-07T21:33:31-08:00,0,48
projects/projects.js,60,js,8db2d91c,Roham Mehrabi,2025-02-07,21:33:31,-08:00,2025-02-07T21:33:31-08:00,0,70
projects/projects.js,61,js,75956b5c,Roham Mehrabi,2025-02-07,19:09:30,-08:00,2025-02-07T19:09:30-08:00,0,2
projects/projects.js,62,js,75956b5c,Roham Mehrabi,2025-02-07,19:09:30,-08:00,2025-02-07T19:09:30-08:00,0,2
projects/projects.js,63,js,75956b5c,Roham Mehrabi,2025-02-07,19:09:30,-08:00,2025-02-07T19:09:30-08:00,0,0
projects/projects.js,64,js,75956b5c,Roham Mehrabi,2025-02-07,19:09:30,-08:00,2025-02-07T19:09:30-08:00,0,0
projects/index.html,1,html,994cd411,Roham Mehrabi,2025-01-10,21:58:29,-08:00,2025-01-10T21:58:29-08:00,0,14
projects/index.html,2,html,994cd411,Roham Mehrabi,2025-01-10,21:58:29,-08:00,2025-01-10T21:58:29-08:00,0,15
projects/index.html,3,html,994cd411,Roham Mehrabi,2025-01-10,21:58:29,-08:00,2025-01-10T21:58:29-08:00,0,5
projects/index.html,4,html,994cd411,Roham Mehrabi,2025-01-10,21:58:29,-08:00,2025-01-10T21:58:29-08:00,0,21
projects/index.html,5,html,994cd411,Roham Mehrabi,2025-01-10,21:58:29,-08:00,2025-01-10T21:58:29-08:00,0,69
projects/index.html,6,html,994cd411,Roham Mehrabi,2025-01-10,21:58:29,-08:00,2025-01-10T21:58:29-08:00,0,28
projects/index.html,7,html,40f6d955,Roham Mehrabi,2025-01-18,20:42:19,-08:00,2025-01-18T20:42:19-08:00,0,42
projects/index.html,8,html,40f6d955,Roham Mehrabi,2025-01-18,20:42:19,-08:00,2025-01-18T20:42:19-08:00,0,0
projects/index.html,9,html,c96e8a0b,Roham Mehrabi,2025-01-24,20:37:10,-08:00,2025-01-24T20:37:10-08:00,0,9
projects/index.html,10,html,40f6d955,Roham Mehrabi,2025-01-18,20:42:19,-08:00,2025-01-18T20:42:19-08:00,0,3
projects/index.html,11,html,40f6d955,Roham Mehrabi,2025-01-18,20:42:19,-08:00,2025-01-18T20:42:19-08:00,0,40
projects/index.html,12,html,40f6d955,Roham Mehrabi,2025-01-18,20:42:19,-08:00,2025-01-18T20:42:19-08:00,0,41
projects/index.html,13,html,40f6d955,Roham Mehrabi,2025-01-18,20:42:19,-08:00,2025-01-18T20:42:19-08:00,0,51
projects/index.html,14,html,40f6d955,Roham Mehrabi,2025-01-18,20:42:19,-08:00,2025-01-18T20:42:19-08:00,0,41
projects/index.html,15,html,40f6d955,Roham Mehrabi,2025-01-18,20:42:19,-08:00,2025-01-18T20:42:19-08:00,0,69
projects/index.html,16,html,40f6d955,Roham Mehrabi,2025-01-18,20:42:19,-08:00,2025-01-18T20:42:19-08:00,0,4
projects/index.html,17,html,c96e8a0b,Roham Mehrabi,2025-01-24,20:37:10,-08:00,2025-01-24T20:37:10-08:00,0,9
projects/index.html,18,html,40f6d955,Roham Mehrabi,2025-01-18,20:42:19,-08:00,2025-01-18T20:42:19-08:00,0,0
projects/index.html,19,html,ad69f1c2,Roham Mehrabi,2025-01-31,23:51:40,-08:00,2025-01-31T23:51:40-08:00,0,49
projects/index.html,20,html,ad69f1c2,Roham Mehrabi,2025-01-31,23:51:40,-08:00,2025-01-31T23:51:40-08:00,0,48
projects/index.html,21,html,d99ef3f9,Roham Mehrabi,2025-02-07,21:09:23,-08:00,2025-02-07T21:09:23-08:00,0,48
projects/index.html,22,html,40f6d955,Roham Mehrabi,2025-01-18,20:42:19,-08:00,2025-01-18T20:42:19-08:00,0,0
projects/index.html,23,html,994cd411,Roham Mehrabi,2025-01-10,21:58:29,-08:00,2025-01-10T21:58:29-08:00,0,6
projects/index.html,24,html,994cd411,Roham Mehrabi,2025-01-10,21:58:29,-08:00,2025-01-10T21:58:29-08:00,0,5
projects/index.html,25,html,ad69f1c2,Roham Mehrabi,2025-01-31,23:51:40,-08:00,2025-01-31T23:51:40-08:00,0,42
projects/index.html,26,html,75956b5c,Roham Mehrabi,2025-02-07,19:09:30,-08:00,2025-02-07T19:09:30-08:00,0,0
projects/index.html,27,html,d99ef3f9,Roham Mehrabi,2025-02-07,21:09:23,-08:00,2025-02-07T21:09:23-08:00,0,40
projects/index.html,28,html,75956b5c,Roham Mehrabi,2025-02-07,19:09:30,-08:00,2025-02-07T19:09:30-08:00,0,22
projects/index.html,29,html,75956b5c,Roham Mehrabi,2025-02-07,19:09:30,-08:00,2025-02-07T19:09:30-08:00,0,59
projects/index.html,30,html,75956b5c,Roham Mehrabi,2025-02-07,19:09:30,-08:00,2025-02-07T19:09:30-08:00,0,23
projects/index.html,31,html,75956b5c,Roham Mehrabi,2025-02-07,19:09:30,-08:00,2025-02-07T19:09:30-08:00,0,5
projects/index.html,32,html,75956b5c,Roham Mehrabi,2025-02-07,19:09:30,-08:00,2025-02-07T19:09:30-08:00,0,0
projects/index.html,33,html,d99ef3f9,Roham Mehrabi,2025-02-07,21:09:23,-08:00,2025-02-07T21:09:23-08:00,0,20
projects/index.html,34,html,d99ef3f9,Roham Mehrabi,2025-02-07,21:09:23,-08:00,2025-02-07T21:09:23-08:00,0,5
projects/index.html,35,html,d99ef3f9,Roham Mehrabi,2025-02-07,21:09:23,-08:00,2025-02-07T21:09:23-08:00,0,16
projects/index.html,36,html,d99ef3f9,Roham Mehrabi,2025-02-07,21:09:23,-08:00,2025-02-07T21:09:23-08:00,0,12
projects/index.html,37,html,d99ef3f9,Roham Mehrabi,2025-02-07,21:09:23,-08:00,2025-02-07T21:09:23-08:00,0,27
projects/index.html,38,html,d99ef3f9,Roham Mehrabi,2025-02-07,21:09:23,-08:00,2025-02-07T21:09:23-08:00,0,31
projects/index.html,39,html,d99ef3f9,Roham Mehrabi,2025-02-07,21:09:23,-08:00,2025-02-07T21:09:23-08:00,0,1
projects/index.html,40,html,75956b5c,Roham Mehrabi,2025-02-07,19:09:30,-08:00,2025-02-07T19:09:30-08:00,0,0
projects/index.html,41,html,d99ef3f9,Roham Mehrabi,2025-02-07,21:09:23,-08:00,2025-02-07T21:09:23-08:00,0,42
projects/index.html,42,html,ad69f1c2,Roham Mehrabi,2025-01-31,23:51:40,-08:00,2025-01-31T23:51:40-08:00,0,27
projects/index.html,43,html,d99ef3f9,Roham Mehrabi,2025-02-07,21:09:23,-08:00,2025-02-07T21:09:23-08:00,0,0
projects/index.html,44,html,ad69f1c2,Roham Mehrabi,2025-01-31,23:51:40,-08:00,2025-01-31T23:51:40-08:00,0,21
projects/index.html,45,html,ad69f1c2,Roham Mehrabi,2025-01-31,23:51:40,-08:00,2025-01-31T23:51:40-08:00,0,40
projects/index.html,46,html,d99ef3f9,Roham Mehrabi,2025-02-07,21:09:23,-08:00,2025-02-07T21:09:23-08:00,0,0
projects/index.html,47,html,ad69f1c2,Roham Mehrabi,2025-01-31,23:51:40,-08:00,2025-01-31T23:51:40-08:00,0,58
projects/index.html,48,html,ad69f1c2,Roham Mehrabi,2025-01-31,23:51:40,-08:00,2025-01-31T23:51:40-08:00,0,61
projects/index.html,49,html,ad69f1c2,Roham Mehrabi,2025-01-31,23:51:40,-08:00,2025-01-31T23:51:40-08:00,0,4
projects/index.html,50,html,ad69f1c2,Roham Mehrabi,2025-01-31,23:51:40,-08:00,2025-01-31T23:51:40-08:00,0,56
projects/index.html,51,html,ad69f1c2,Roham Mehrabi,2025-01-31,23:51:40,-08:00,2025-01-31T23:51:40-08:00,0,28
projects/index.html,52,html,ad69f1c2,Roham Mehrabi,2025-01-31,23:51:40,-08:00,2025-01-31T23:51:40-08:00,0,49
projects/index.html,53,html,ad69f1c2,Roham Mehrabi,2025-01-31,23:51:40,-08:00,2025-01-31T23:51:40-08:00,0,20
projects/index.html,54,html,ad69f1c2,Roham Mehrabi,2025-01-31,23:51:40,-08:00,2025-01-31T23:51:40-08:00,0,24
projects/index.html,55,html,ad69f1c2,Roham Mehrabi,2025-01-31,23:51:40,-08:00,2025-01-31T23:51:40-08:00,0,34
projects/index.html,56,html,ad69f1c2,Roham Mehrabi,2025-01-31,23:51:40,-08:00,2025-01-31T23:51:40-08:00,0,28
projects/index.html,57,html,ad69f1c2,Roham Mehrabi,2025-01-31,23:51:40,-08:00,2025-01-31T23:51:40-08:00,0,1
projects/index.html,58,html,ad69f1c2,Roham Mehrabi,2025-01-31,23:51:40,-08:00,2025-01-31T23:51:40-08:00,0,38
projects/index.html,59,html,ad69f1c2,Roham Mehrabi,2025-01-31,23:51:40,-08:00,2025-01-31T23:51:40-08:00,0,2
projects/index.html,60,html,ad69f1c2,Roham Mehrabi,2025-01-31,23:51:40,-08:00,2025-01-31T23:51:40-08:00,0,16
projects/index.html,61,html,ad69f1c2,Roham Mehrabi,2025-01-31,23:51:40,-08:00,2025-01-31T23:51:40-08:00,0,47
projects/index.html,62,html,ad69f1c2,Roham Mehrabi,2025-01-31,23:51:40,-08:00,2025-01-31T23:51:40-08:00,0,0
projects/index.html,63,html,ad69f1c2,Roham Mehrabi,2025-01-31,23:51:40,-08:00,2025-01-31T23:51:40-08:00,0,2
projects/index.html,64,html,ad69f1c2,Roham Mehrabi,2025-01-31,23:51:40,-08:00,2025-01-31T23:51:40-08:00,0,8
projects/index.html,65,html,994cd411,Roham Mehrabi,2025-01-10,21:58:29,-08:00,2025-01-10T21:58:29-08:00,0,6
projects/index.html,66,html,994cd411,Roham Mehrabi,2025-01-10,21:58:29,-08:00,2025-01-10T21:58:29-08:00,0,6
cv/index.html,1,html,b2c260ea,Roham Mehrabi,2025-01-10,22:25:53,-08:00,2025-01-10T22:25:53-08:00,0,14
cv/index.html,2,html,b2c260ea,Roham Mehrabi,2025-01-10,22:25:53,-08:00,2025-01-10T22:25:53-08:00,0,15
cv/index.html,3,html,b2c260ea,Roham Mehrabi,2025-01-10,22:25:53,-08:00,2025-01-10T22:25:53-08:00,0,5
cv/index.html,4,html,b2c260ea,Roham Mehrabi,2025-01-10,22:25:53,-08:00,2025-01-10T22:25:53-08:00,0,21
cv/index.html,5,html,b2c260ea,Roham Mehrabi,2025-01-10,22:25:53,-08:00,2025-01-10T22:25:53-08:00,0,69
cv/index.html,6,html,b2c260ea,Roham Mehrabi,2025-01-10,22:25:53,-08:00,2025-01-10T22:25:53-08:00,0,31
cv/index.html,7,html,b2c260ea,Roham Mehrabi,2025-01-10,22:25:53,-08:00,2025-01-10T22:25:53-08:00,0,40
cv/index.html,8,html,c96e8a0b,Roham Mehrabi,2025-01-24,20:37:10,-08:00,2025-01-24T20:37:10-08:00,0,47
cv/index.html,9,html,b2c260ea,Roham Mehrabi,2025-01-10,22:25:53,-08:00,2025-01-10T22:25:53-08:00,0,6
cv/index.html,10,html,40f6d955,Roham Mehrabi,2025-01-18,20:42:19,-08:00,2025-01-18T20:42:19-08:00,0,21
cv/index.html,11,html,c96e8a0b,Roham Mehrabi,2025-01-24,20:37:10,-08:00,2025-01-24T20:37:10-08:00,0,9
cv/index.html,12,html,b2c260ea,Roham Mehrabi,2025-01-10,22:25:53,-08:00,2025-01-10T22:25:53-08:00,0,3
cv/index.html,13,html,7e6cb09b,Roham Mehrabi,2025-01-10,22:36:16,-08:00,2025-01-10T22:36:16-08:00,0,40
cv/index.html,14,html,7e6cb09b,Roham Mehrabi,2025-01-10,22:36:16,-08:00,2025-01-10T22:36:16-08:00,0,53
cv/index.html,15,html,7e6cb09b,Roham Mehrabi,2025-01-10,22:36:16,-08:00,2025-01-10T22:36:16-08:00,0,51
cv/index.html,16,html,7e6cb09b,Roham Mehrabi,2025-01-10,22:36:16,-08:00,2025-01-10T22:36:16-08:00,0,35
cv/index.html,17,html,b2c260ea,Roham Mehrabi,2025-01-10,22:25:53,-08:00,2025-01-10T22:25:53-08:00,0,69
cv/index.html,18,html,7e6cb09b,Roham Mehrabi,2025-01-10,22:36:16,-08:00,2025-01-10T22:36:16-08:00,0,0
cv/index.html,19,html,b2c260ea,Roham Mehrabi,2025-01-10,22:25:53,-08:00,2025-01-10T22:25:53-08:00,0,4
cv/index.html,20,html,c96e8a0b,Roham Mehrabi,2025-01-24,20:37:10,-08:00,2025-01-24T20:37:10-08:00,0,9
cv/index.html,21,html,b2c260ea,Roham Mehrabi,2025-01-10,22:25:53,-08:00,2025-01-10T22:25:53-08:00,0,0
cv/index.html,22,html,b2c260ea,Roham Mehrabi,2025-01-10,22:25:53,-08:00,2025-01-10T22:25:53-08:00,0,26
cv/index.html,23,html,b2c260ea,Roham Mehrabi,2025-01-10,22:25:53,-08:00,2025-01-10T22:25:53-08:00,0,0
cv/index.html,24,html,b2c260ea,Roham Mehrabi,2025-01-10,22:25:53,-08:00,2025-01-10T22:25:53-08:00,0,21
cv/index.html,25,html,b2c260ea,Roham Mehrabi,2025-01-10,22:25:53,-08:00,2025-01-10T22:25:53-08:00,0,7
cv/index.html,26,html,b2c260ea,Roham Mehrabi,2025-01-10,22:25:53,-08:00,2025-01-10T22:25:53-08:00,0,27
cv/index.html,27,html,b2c260ea,Roham Mehrabi,2025-01-10,22:25:53,-08:00,2025-01-10T22:25:53-08:00,0,8
cv/index.html,28,html,b2c260ea,Roham Mehrabi,2025-01-10,22:25:53,-08:00,2025-01-10T22:25:53-08:00,0,73
cv/index.html,29,html,b2c260ea,Roham Mehrabi,2025-01-10,22:25:53,-08:00,2025-01-10T22:25:53-08:00,0,27
cv/index.html,30,html,b2c260ea,Roham Mehrabi,2025-01-10,22:25:53,-08:00,2025-01-10T22:25:53-08:00,0,9
cv/index.html,31,html,b2c260ea,Roham Mehrabi,2025-01-10,22:25:53,-08:00,2025-01-10T22:25:53-08:00,0,0
cv/index.html,32,html,b2c260ea,Roham Mehrabi,2025-01-10,22:25:53,-08:00,2025-01-10T22:25:53-08:00,0,23
cv/index.html,33,html,b2c260ea,Roham Mehrabi,2025-01-10,22:25:53,-08:00,2025-01-10T22:25:53-08:00,0,7
cv/index.html,34,html,b2c260ea,Roham Mehrabi,2025-01-10,22:25:53,-08:00,2025-01-10T22:25:53-08:00,0,17
cv/index.html,35,html,b2c260ea,Roham Mehrabi,2025-01-10,22:25:53,-08:00,2025-01-10T22:25:53-08:00,0,8
cv/index.html,36,html,b2c260ea,Roham Mehrabi,2025-01-10,22:25:53,-08:00,2025-01-10T22:25:53-08:00,0,8
cv/index.html,37,html,b2c260ea,Roham Mehrabi,2025-01-10,22:25:53,-08:00,2025-01-10T22:25:53-08:00,0,43
cv/index.html,38,html,b2c260ea,Roham Mehrabi,2025-01-10,22:25:53,-08:00,2025-01-10T22:25:53-08:00,0,51
cv/index.html,39,html,b2c260ea,Roham Mehrabi,2025-01-10,22:25:53,-08:00,2025-01-10T22:25:53-08:00,0,23
cv/index.html,40,html,b2c260ea,Roham Mehrabi,2025-01-10,22:25:53,-08:00,2025-01-10T22:25:53-08:00,0,9
cv/index.html,41,html,b2c260ea,Roham Mehrabi,2025-01-10,22:25:53,-08:00,2025-01-10T22:25:53-08:00,0,9
cv/index.html,42,html,b2c260ea,Roham Mehrabi,2025-01-10,22:25:53,-08:00,2025-01-10T22:25:53-08:00,0,0
cv/index.html,43,html,b2c260ea,Roham Mehrabi,2025-01-10,22:25:53,-08:00,2025-01-10T22:25:53-08:00,0,24
cv/index.html,44,html,b2c260ea,Roham Mehrabi,2025-01-10,22:25:53,-08:00,2025-01-10T22:25:53-08:00,0,7
cv/index.html,45,html,b2c260ea,Roham Mehrabi,2025-01-10,22:25:53,-08:00,2025-01-10T22:25:53-08:00,0,23
cv/index.html,46,html,b2c260ea,Roham Mehrabi,2025-01-10,22:25:53,-08:00,2025-01-10T22:25:53-08:00,0,8
cv/index.html,47,html,b2c260ea,Roham Mehrabi,2025-01-10,22:25:53,-08:00,2025-01-10T22:25:53-08:00,0,8
cv/index.html,48,html,b2c260ea,Roham Mehrabi,2025-01-10,22:25:53,-08:00,2025-01-10T22:25:53-08:00,0,17
cv/index.html,49,html,b2c260ea,Roham Mehrabi,2025-01-10,22:25:53,-08:00,2025-01-10T22:25:53-08:00,0,33
cv/index.html,50,html,b2c260ea,Roham Mehrabi,2025-01-10,22:25:53,-08:00,2025-01-10T22:25:53-08:00,0,26
cv/index.html,51,html,b2c260ea,Roham Mehrabi,2025-01-10,22:25:53,-08:00,2025-01-10T22:25:53-08:00,0,3
cv/index.html,52,html,b2c260ea,Roham Mehrabi,2025-01-10,22:25:53,-08:00,2025-01-10T22:25:53-08:00,0,108
cv/index.html,53,html,b2c260ea,Roham Mehrabi,2025-01-10,22:25:53,-08:00,2025-01-10T22:25:53-08:00,0,93
cv/index.html,54,html,b2c260ea,Roham Mehrabi,2025-01-10,22:25:53,-08:00,2025-01-10T22:25:53-08:00,0,103
cv/index.html,55,html,b2c260ea,Roham Mehrabi,2025-01-10,22:25:53,-08:00,2025-01-10T22:25:53-08:00,0,80
cv/index.html,56,html,b2c260ea,Roham Mehrabi,2025-01-10,22:25:53,-08:00,2025-01-10T22:25:53-08:00,0,4
cv/index.html,57,html,b2c260ea,Roham Mehrabi,2025-01-10,22:25:53,-08:00,2025-01-10T22:25:53-08:00,0,9
cv/index.html,58,html,b2c260ea,Roham Mehrabi,2025-01-10,22:25:53,-08:00,2025-01-10T22:25:53-08:00,0,8
cv/index.html,59,html,b2c260ea,Roham Mehrabi,2025-01-10,22:25:53,-08:00,2025-01-10T22:25:53-08:00,0,17
cv/index.html,60,html,b2c260ea,Roham Mehrabi,2025-01-10,22:25:53,-08:00,2025-01-10T22:25:53-08:00,0,21
cv/index.html,61,html,b2c260ea,Roham Mehrabi,2025-01-10,22:25:53,-08:00,2025-01-10T22:25:53-08:00,0,23
cv/index.html,62,html,b2c260ea,Roham Mehrabi,2025-01-10,22:25:53,-08:00,2025-01-10T22:25:53-08:00,0,3
cv/index.html,63,html,b2c260ea,Roham Mehrabi,2025-01-10,22:25:53,-08:00,2025-01-10T22:25:53-08:00,0,89
cv/index.html,64,html,b2c260ea,Roham Mehrabi,2025-01-10,22:25:53,-08:00,2025-01-10T22:25:53-08:00,0,77
cv/index.html,65,html,b2c260ea,Roham Mehrabi,2025-01-10,22:25:53,-08:00,2025-01-10T22:25:53-08:00,0,80
cv/index.html,66,html,b2c260ea,Roham Mehrabi,2025-01-10,22:25:53,-08:00,2025-01-10T22:25:53-08:00,0,4
cv/index.html,67,html,b2c260ea,Roham Mehrabi,2025-01-10,22:25:53,-08:00,2025-01-10T22:25:53-08:00,0,9
cv/index.html,68,html,b2c260ea,Roham Mehrabi,2025-01-10,22:25:53,-08:00,2025-01-10T22:25:53-08:00,0,9
cv/index.html,69,html,b2c260ea,Roham Mehrabi,2025-01-10,22:25:53,-08:00,2025-01-10T22:25:53-08:00,0,0
cv/index.html,70,html,b2c260ea,Roham Mehrabi,2025-01-10,22:25:53,-08:00,2025-01-10T22:25:53-08:00,0,20
cv/index.html,71,html,b2c260ea,Roham Mehrabi,2025-01-10,22:25:53,-08:00,2025-01-10T22:25:53-08:00,0,7
cv/index.html,72,html,b2c260ea,Roham Mehrabi,2025-01-10,22:25:53,-08:00,2025-01-10T22:25:53-08:00,0,14
cv/index.html,73,html,b2c260ea,Roham Mehrabi,2025-01-10,22:25:53,-08:00,2025-01-10T22:25:53-08:00,0,8
cv/index.html,74,html,b2c260ea,Roham Mehrabi,2025-01-10,22:25:53,-08:00,2025-01-10T22:25:53-08:00,0,3
cv/index.html,75,html,b2c260ea,Roham Mehrabi,2025-01-10,22:25:53,-08:00,2025-01-10T22:25:53-08:00,0,85
cv/index.html,76,html,b2c260ea,Roham Mehrabi,2025-01-10,22:25:53,-08:00,2025-01-10T22:25:53-08:00,0,87
cv/index.html,77,html,b2c260ea,Roham Mehrabi,2025-01-10,22:25:53,-08:00,2025-01-10T22:25:53-08:00,0,79
cv/index.html,78,html,b2c260ea,Roham Mehrabi,2025-01-10,22:25:53,-08:00,2025-01-10T22:25:53-08:00,0,85
cv/index.html,79,html,b2c260ea,Roham Mehrabi,2025-01-10,22:25:53,-08:00,2025-01-10T22:25:53-08:00,0,4
cv/index.html,80,html,b2c260ea,Roham Mehrabi,2025-01-10,22:25:53,-08:00,2025-01-10T22:25:53-08:00,0,9
cv/index.html,81,html,b2c260ea,Roham Mehrabi,2025-01-10,22:25:53,-08:00,2025-01-10T22:25:53-08:00,0,0
cv/index.html,82,html,b2c260ea,Roham Mehrabi,2025-01-10,22:25:53,-08:00,2025-01-10T22:25:53-08:00,0,20
cv/index.html,83,html,b2c260ea,Roham Mehrabi,2025-01-10,22:25:53,-08:00,2025-01-10T22:25:53-08:00,0,7
cv/index.html,84,html,b2c260ea,Roham Mehrabi,2025-01-10,22:25:53,-08:00,2025-01-10T22:25:53-08:00,0,31
cv/index.html,85,html,b2c260ea,Roham Mehrabi,2025-01-10,22:25:53,-08:00,2025-01-10T22:25:53-08:00,0,8
cv/index.html,86,html,b2c260ea,Roham Mehrabi,2025-01-10,22:25:53,-08:00,2025-01-10T22:25:53-08:00,0,3
cv/index.html,87,html,b2c260ea,Roham Mehrabi,2025-01-10,22:25:53,-08:00,2025-01-10T22:25:53-08:00,0,68
cv/index.html,88,html,b2c260ea,Roham Mehrabi,2025-01-10,22:25:53,-08:00,2025-01-10T22:25:53-08:00,0,72
cv/index.html,89,html,b2c260ea,Roham Mehrabi,2025-01-10,22:25:53,-08:00,2025-01-10T22:25:53-08:00,0,74
cv/index.html,90,html,b2c260ea,Roham Mehrabi,2025-01-10,22:25:53,-08:00,2025-01-10T22:25:53-08:00,0,4
cv/index.html,91,html,b2c260ea,Roham Mehrabi,2025-01-10,22:25:53,-08:00,2025-01-10T22:25:53-08:00,0,9
cv/index.html,92,html,b2c260ea,Roham Mehrabi,2025-01-10,22:25:53,-08:00,2025-01-10T22:25:53-08:00,0,6
cv/index.html,93,html,b2c260ea,Roham Mehrabi,2025-01-10,22:25:53,-08:00,2025-01-10T22:25:53-08:00,0,6
contact/index.html,1,html,994cd411,Roham Mehrabi,2025-01-10,21:58:29,-08:00,2025-01-10T21:58:29-08:00,0,14
contact/index.html,2,html,994cd411,Roham Mehrabi,2025-01-10,21:58:29,-08:00,2025-01-10T21:58:29-08:00,0,15
contact/index.html,3,html,994cd411,Roham Mehrabi,2025-01-10,21:58:29,-08:00,2025-01-10T21:58:29-08:00,0,5
contact/index.html,4,html,994cd411,Roham Mehrabi,2025-01-10,21:58:29,-08:00,2025-01-10T21:58:29-08:00,0,21
contact/index.html,5,html,994cd411,Roham Mehrabi,2025-01-10,21:58:29,-08:00,2025-01-10T21:58:29-08:00,0,69
contact/index.html,6,html,40f6d955,Roham Mehrabi,2025-01-18,20:42:19,-08:00,2025-01-18T20:42:19-08:00,0,21
contact/index.html,7,html,40f6d955,Roham Mehrabi,2025-01-18,20:42:19,-08:00,2025-01-18T20:42:19-08:00,0,42
contact/index.html,8,html,c96e8a0b,Roham Mehrabi,2025-01-24,20:37:10,-08:00,2025-01-24T20:37:10-08:00,0,49
contact/index.html,9,html,994cd411,Roham Mehrabi,2025-01-10,21:58:29,-08:00,2025-01-10T21:58:29-08:00,0,6
contact/index.html,10,html,994cd411,Roham Mehrabi,2025-01-10,21:58:29,-08:00,2025-01-10T21:58:29-08:00,0,5
contact/index.html,11,html,c96e8a0b,Roham Mehrabi,2025-01-24,20:37:10,-08:00,2025-01-24T20:37:10-08:00,0,9
contact/index.html,12,html,40f6d955,Roham Mehrabi,2025-01-18,20:42:19,-08:00,2025-01-18T20:42:19-08:00,0,3
contact/index.html,13,html,40f6d955,Roham Mehrabi,2025-01-18,20:42:19,-08:00,2025-01-18T20:42:19-08:00,0,40
contact/index.html,14,html,40f6d955,Roham Mehrabi,2025-01-18,20:42:19,-08:00,2025-01-18T20:42:19-08:00,0,53
contact/index.html,15,html,40f6d955,Roham Mehrabi,2025-01-18,20:42:19,-08:00,2025-01-18T20:42:19-08:00,0,40
contact/index.html,16,html,40f6d955,Roham Mehrabi,2025-01-18,20:42:19,-08:00,2025-01-18T20:42:19-08:00,0,41
contact/index.html,17,html,40f6d955,Roham Mehrabi,2025-01-18,20:42:19,-08:00,2025-01-18T20:42:19-08:00,0,69
contact/index.html,18,html,40f6d955,Roham Mehrabi,2025-01-18,20:42:19,-08:00,2025-01-18T20:42:19-08:00,0,4
contact/index.html,19,html,c96e8a0b,Roham Mehrabi,2025-01-24,20:37:10,-08:00,2025-01-24T20:37:10-08:00,0,9
contact/index.html,20,html,7e6cb09b,Roham Mehrabi,2025-01-10,22:36:16,-08:00,2025-01-10T22:36:16-08:00,0,0
contact/index.html,21,html,40f6d955,Roham Mehrabi,2025-01-18,20:42:19,-08:00,2025-01-18T20:42:19-08:00,0,20
contact/index.html,22,html,b2c260ea,Roham Mehrabi,2025-01-10,22:25:53,-08:00,2025-01-10T22:25:53-08:00,0,0
contact/index.html,23,html,40f6d955,Roham Mehrabi,2025-01-18,20:42:19,-08:00,2025-01-18T20:42:19-08:00,0,83
contact/index.html,24,html,b2c260ea,Roham Mehrabi,2025-01-10,22:25:53,-08:00,2025-01-10T22:25:53-08:00,0,37
contact/index.html,25,html,40f6d955,Roham Mehrabi,2025-01-18,20:42:19,-08:00,2025-01-18T20:42:19-08:00,0,83
contact/index.html,26,html,40f6d955,Roham Mehrabi,2025-01-18,20:42:19,-08:00,2025-01-18T20:42:19-08:00,0,0
contact/index.html,27,html,b2c260ea,Roham Mehrabi,2025-01-10,22:25:53,-08:00,2025-01-10T22:25:53-08:00,0,36
contact/index.html,28,html,40f6d955,Roham Mehrabi,2025-01-18,20:42:19,-08:00,2025-01-18T20:42:19-08:00,0,83
contact/index.html,29,html,40f6d955,Roham Mehrabi,2025-01-18,20:42:19,-08:00,2025-01-18T20:42:19-08:00,0,0
contact/index.html,30,html,40f6d955,Roham Mehrabi,2025-01-18,20:42:19,-08:00,2025-01-18T20:42:19-08:00,0,33
contact/index.html,31,html,40f6d955,Roham Mehrabi,2025-01-18,20:42:19,-08:00,2025-01-18T20:42:19-08:00,0,103
contact/index.html,32,html,40f6d955,Roham Mehrabi,2025-01-18,20:42:19,-08:00,2025-01-18T20:42:19-08:00,0,0
contact/index.html,33,html,b2c260ea,Roham Mehrabi,2025-01-10,22:25:53,-08:00,2025-01-10T22:25:53-08:00,0,28
contact/index.html,34,html,b2c260ea,Roham Mehrabi,2025-01-10,22:25:53,-08:00,2025-01-10T22:25:53-08:00,0,6
contact/index.html,35,html,994cd411,Roham Mehrabi,2025-01-10,21:58:29,-08:00,2025-01-10T21:58:29-08:00,0,6
contact/index.html,36,html,994cd411,Roham Mehrabi,2025-01-10,21:58:29,-08:00,2025-01-10T21:58:29-08:00,0,6
